StationID,Bight,Latitude,Longitude
1001,1994,33.98533333,-118.6076667
1003,1994,33.984,-118.569
1005,1994,33.9825,-118.5373333
1014,1994,33.97416667,-118.5588333
1019,1994,33.97066667,-118.48
1025,1994,33.96833333,-118.476
1026,1994,33.967,-118.4965
1027,1994,33.94866667,-118.5138333
1028,1994,33.96583333,-118.5881667
103,1994,34.42055,-120.1838833
1034,1994,33.95966667,-118.6416667
1040,1994,33.95166667,-118.5505
1042,1994,33.94966667,-118.4796667
1045,1994,33.948,-118.5383333
1046,1994,33.94766667,-118.4601667
1049,1994,33.94383333,-118.5368333
1052,1994,33.9395,-118.6071667
1056,1994,33.93216667,-118.5673333
1059,1994,33.93116667,-118.5898333
1065,1994,33.92316667,-118.5026667
1067,1994,33.92283333,-118.5541667
1072,1994,33.9165,-118.5465
1074,1994,33.9115,-118.5815
1078,1994,33.90933333,-118.603
1081,1994,33.90466667,-118.4406667
1085,1994,33.9015,-118.4788333
1090,1994,33.89716667,-118.442
1091,1994,33.89616667,-118.5415
1096,1994,33.89383333,-118.5191667
1100,1994,33.8871667,-118.4541667
1103,1994,33.88583333,-118.5526667
1106,1994,33.883,-118.6143333
1108,1994,33.88283333,-118.4971667
1109,1994,33.8825,-118.5173333
1110,1994,33.87983333,-118.5693333
1118,1994,33.87466667,-118.6143333
1119,1994,33.87216667,-118.4636667
112,1994,34.41776667,-120.0764833
1120,1994,33.87133333,-118.6253333
1121,1994,33.871,-118.4913333
1122,1994,33.87066667,-118.481
1123,1994,33.87095,-118.4187
1126,1994,33.86716667,-118.4858333
1128,1994,33.86466667,-118.5583333
1131,1994,33.862,-118.6113333
1142,1994,33.8523,-118.4611167
1146,1994,33.85116667,-118.5528333
1148,1994,33.85033333,-118.5173333
115,1994,34.41638333,-120.3367833
1150,1994,33.84766667,-118.5515
1152,1994,33.8445,-118.5875
1159,1994,33.83686667,-118.4375833
1162,1994,33.83461667,-118.5251167
1168,1994,33.83295,-118.4877167
1169,1994,33.83005,-118.5088
1170,1994,33.82975,-118.4491667
1173,1994,33.8258,-118.4162167
1175,1994,33.82066667,-118.5493667
1187,1994,33.78916667,-118.4452167
1191,1994,33.78466667,-118.4925833
1195,1994,33.77208333,-118.4713667
1208,1994,33.73405,-118.1451333
1214,1994,33.72758333,-118.4142
122,1994,34.41471667,-120.4144167
1222,1994,33.72203333,-118.2073333
1223,1994,33.72255,-118.12125
1224,1994,33.72158333,-118.13125
1227,1994,33.71783333,-118.1602833
1232,1994,33.71413333,-118.3475
1236,1994,33.71053333,-118.2449667
1256,1994,33.69811667,-118.1861333
1267,1994,33.68913333,-118.30055
1272,1994,33.68686667,-118.09065
1287,1994,33.6778333,-118.067
1300,1994,33.6664,-118.1086167
1306,1994,33.665,-118.0459333
1312,1994,33.65978333,-118.1311333
1321,1994,33.65321667,-118.1019667
1328,1994,33.6485,-118.117
1332,1994,33.64491667,-118.1452833
1340,1994,33.64091667,-118.2388333
1348,1994,33.63553333,-118.0152167
1355,1994,33.63221667,-118.08635
136,1994,34.40985,-119.9491167
1378,1994,33.61508333,-117.97435
1399,1994,33.60658333,-117.9576333
1401,1994,33.60503333,-117.97145
1406,1994,33.6034,-118.0502167
1415,1994,33.5987,-118.0163833
1417,1994,33.59808333,-117.96947
1418,1994,33.59706667,-118.1097667
1424,1994,33.59475,-117.9222167
1426,1994,33.5937,-118.0524667
1444,1994,33.58491667,-117.9315
1450,1994,33.58011667,-118.0684667
1455,1994,33.57708333,-118.03025
1468,1994,33.57228333,-117.9641167
1469,1994,33.5718,-118.0489667
150,1994,34.40588333,-120.40885
1550,1994,33.3572,-117.5820667
1551,1994,33.35555,-117.6502833
1560,1994,33.33816667,-117.6192833
1570,1994,33.32263333,-117.5887167
1571,1994,33.3206,-117.6268833
1572,1994,33.31866667,-117.5552833
1574,1994,33.31796667,-117.61265
1585,1994,33.29895,-117.5804833
1595,1994,33.2856,-117.56975
16,1994,34.4527,-120.02815
161,1994,34.40383333,-119.78115
1617,1994,33.25283333,-117.4682333
1634,1994,33.21318333,-117.4252333
1635,1994,33.21301667,-117.4188167
1650,1994,33.18231667,-117.4005667
1654,1994,33.1793,-117.3985333
1655,1994,33.17711667,-117.4612833
1660,1994,33.1639,-117.3930167
1662,1994,33.15931667,-117.4271167
1667,1994,33.14398333,-117.3779667
1684,1994,33.07098333,-117.3160167
1728,1994,32.9215,-117.2955
1734,1994,32.885,-117.2721667
1737,1994,32.87783333,-117.3145
1739,1994,32.8715,-117.2566667
1757,1994,32.82633333,-117.324
1767,1994,32.805,-117.3468333
1769,1994,32.80316667,-117.3285
1770,1994,32.79633333,-117.3596667
1774,1994,32.793,-117.3705
1776,1994,32.7905,-117.2828333
1780,1994,32.78416667,-117.2681667
1791,1994,32.769,-117.2788333
1793,1994,32.7658333,-117.2736667
1794,1994,32.764,-117.3665
1797,1994,32.75766667,-117.3378333
1799,1994,32.75483333,-117.2691667
1804,1994,32.7505,-117.2785
1811,1994,32.73916667,-117.272
1825,1994,32.70766667,-117.3043333
1828,1994,32.704,-117.3193333
1833,1994,32.69433333,-117.3233333
1836,1994,32.68233333,-117.2746667
1839,1994,32.6775,-117.2746667
1850,1994,32.66133333,-117.3293333
1867,1994,32.647,-117.1873333
1871,1994,32.642,-117.3116667
1874,1994,32.64,-117.4301667
1888,1994,32.63,-117.349
189,1994,34.39905,-119.6210333
1892,1994,32.6275,-117.2745
1903,1994,32.61933333,-117.335
1905,1994,32.61866667,-117.4223333
1908,1994,32.61683333,-117.3466667
1916,1994,32.6085,-117.3983333
1944,1994,32.59,-117.1611667
2001,1994,32.5455,-117.2325
2011,1994,32.54266667,-117.1926667
228,1994,34.38836667,-119.7885
232,1994,34.38673333,-119.8142
234,1994,34.38578333,-119.6807833
245,1994,34.38245,-120.41465
252,1994,34.38093333,-119.6266167
255,1994,34.38,-120.3991
289,1994,34.3694,-119.6472167
297,1994,34.36495,-119.54235
32,1994,34.44773333,-120.2230167
334,1994,34.35115,-119.7759
360,1994,34.34121667,-119.6910833
365,1994,34.33766667,-119.7646167
366,1994,34.33748333,-119.4468167
371,1994,34.33516667,-119.64275
38,1994,34.4442,-120.0644833
381,1994,34.33125,-119.78365
398,1994,34.32423333,-119.5331167
407,1994,34.32156667,-119.5627333
446,1994,34.30161667,-119.6803667
46,1994,34.44066667,-120.30175
460,1994,34.29385,-119.6004833
474,1994,34.28665,-119.5107
480,1994,34.28488333,-119.6423667
499,1994,34.27446667,-119.6433833
502,1994,34.27315,-119.4094333
503,1994,34.2729,-119.57535
530,1994,34.25816667,-119.3255333
533,1994,34.25745,-119.3298833
535,1994,34.25615,-119.53995
537,1994,34.25433,-119.43502
540,1994,34.2541,-119.3072333
542,1994,34.25401667,-119.4920333
552,1994,34.25013333,-119.28585
560,1994,34.24606667,-119.2829333
577,1994,34.24008333,-119.5993333
59,1994,34.43666667,-120.2330667
595,1994,34.23253333,-119.2919833
60,1994,34.4361,-120.0044833
604,1994,34.22755,-119.6189167
617,1994,34.223,-119.2823
621,1994,34.22006667,-119.3739
652,1994,34.2082,-119.3472167
661,1994,34.20526667,-119.5063667
665,1994,34.20446667,-119.3463
670,1994,34.20281667,-119.6653667
682,1994,34.19715,-119.6337333
708,1994,34.18491667,-119.5693667
714,1994,34.17781667,-119.4543833
739,1994,34.16478333,-119.4461
753,1994,34.1557,-119.4262333
757,1994,34.152,-119.37165
758,1994,34.1509,-119.2797167
759,1994,34.15073333,-119.2980833
814,1994,34.09568333,-119.1661333
815,1994,34.0953,-119.2927167
820,1994,34.08888333,-119.07395
823,1994,34.07043333,-119.2504167
827,1994,34.08243333,-119.2185167
830,1994,34.08078333,-119.1695333
831,1994,34.07956667,-119.1572
833,1994,34.0775,-119.0787
834,1994,34.07738333,-119.0855667
846,1994,34.06506667,-119.11555
85,1994,34.42653333,-120.4118833
859,1994,34.05868333,-119.2063667
884,1994,34.0295,-118.6336667
886,1994,34.0285,-118.6691667
890,1994,34.02735,-118.93965
894,1994,34.02483333,-118.6653333
897,1994,34.02433333,-118.5973333
899,1994,34.02316667,-118.6103333
9,1994,34.45845,-120.1475167
900,1994,34.023,-118.7468333
902,1994,34.02233333,-118.7038333
903,1994,34.02183333,-118.6816667
908,1994,34.02033333,-118.664
916,1994,34.01583333,-118.6338333
918,1994,34.01416667,-118.6963333
920,1994,34.01333333,-118.6621667
921,1994,34.01311667,-118.9395167
929,1994,34.01,-118.7505
936,1994,34.00783333,-118.6831667
937,1994,34.00666667,-119.0296333
942,1994,34.00666667,-118.7205
943,1994,34.0065,-118.5953333
947,1994,34.00531667,-118.9184833
949,1994,34.00383333,-118.6385
960,1994,33.99883333,-118.5943333
964,1994,33.974,-118.5588333
972,1994,33.99566667,-118.6721667
976,1994,33.9944,-119.0000833
977,1994,33.9935,-118.6228333
988,1994,33.99016667,-118.7976667
993,1994,33.98866667,-118.5925
997,1994,33.98766667,-118.6685
2066,1998,33.47719,-118.59612
2068,1998,33.47465,-118.56323
2070,1998,33.45399,-118.48054
2071,1998,33.41967,-118.52768
2072,1998,33.40606,-118.48869
2073,1998,33.41943,-118.38179
2075,1998,33.37374,-118.49762
2077,1998,33.39575,-118.36378
2078,1998,33.35762,-118.53615
2080,1998,33.34722,-118.51936
2081,1998,33.34265,-118.51874
2082,1998,33.3687,-118.33103
2083,1998,33.33414,-118.50139
2086,1998,33.30956,-118.44634
2087,1998,33.30946,-118.42893
2088,1998,33.30677,-118.36839
2089,1998,33.2967,-118.40823
2091,1998,33.29529,-118.35812
2093,1998,33.29822,-118.28488
2128,1998,34.24604,-119.25924
2129,1998,34.17298,-119.22742
2130,1998,34.1712,-119.2235
2131,1998,34.16291,-119.22436
2132,1998,34.1563,-119.22732
2133,1998,33.71842,-118.06937
2134,1998,33.71545,-118.06217
2135,1998,33.71357,-118.05984
2136,1998,33.61891,-117.92728
2137,1998,33.61282,-117.92436
2138,1998,33.61408,-117.91378
2141,1998,33.61067,-117.90235
2142,1998,33.60721,-117.91058
2143,1998,33.60676,-117.90572
2144,1998,33.60743,-117.90021
2145,1998,33.60376,-117.88878
2146,1998,33.60272,-117.88758
2147,1998,33.60055,-117.89336
2148,1998,33.59463,-117.87958
2149,1998,33.46303,-117.70377
2150,1998,33.46248,-117.70234
2151,1998,33.46183,-117.69773
2152,1998,33.75964,-118.16271
2153,1998,33.75359,-118.1579
2154,1998,33.74883,-118.15595
2155,1998,33.74333,-118.16782
2156,1998,33.73992,-118.17122
2157,1998,33.74233,-118.15301
2158,1998,33.72839,-118.20859
2159,1998,33.72233,-118.21024
2160,1998,33.72338,-118.2045
2161,1998,33.72338,-118.20143
2162,1998,33.71351,-118.24162
2163,1998,33.72781,-118.16684
2164,1998,33.73022,-118.08266
2167,1998,33.7356,-118.15764
2168,1998,33.71185,-118.25079
2169,1998,33.76801,-118.27816
2170,1998,33.76412,-118.256
2171,1998,33.75022,-118.24946
2172,1998,33.74928,-118.24261
2173,1998,33.74763,-118.23769
2174,1998,33.73431,-118.2666
2175,1998,33.74104,-118.22655
2176,1998,33.7311,-118.26128
2177,1998,33.73459,-118.24238
2178,1998,33.72796,-118.27064
2179,1998,33.73893,-118.21017
2181,1998,33.72915,-118.25105
2182,1998,33.72387,-118.26265
2183,1998,33.7268,-118.24598
2184,1998,33.72131,-118.26908
2185,1998,33.73303,-118.19945
2186,1998,33.73126,-118.19305
2187,1998,33.73123,-118.18399
2188,1998,33.73399,-118.08882
2189,1998,33.95292,-118.56029
2190,1998,33.94792,-118.52871
2191,1998,33.93661,-118.56096
2192,1998,33.94372,-118.51978
2194,1998,33.92056,-118.5215
2195,1998,33.91026,-118.52452
2196,1998,33.90285,-118.5532
2197,1998,33.90378,-118.50082
2198,1998,33.88776,-118.52437
2199,1998,33.88228,-118.53538
2200,1998,33.74789,-118.42915
2201,1998,33.72054,-118.39262
2202,1998,33.72207,-118.37256
2203,1998,33.72342,-118.34782
2204,1998,33.6968,-118.33906
2205,1998,33.67687,-118.30578
2206,1998,33.6751,-118.2933
2207,1998,33.61233,-118.06563
2208,1998,33.60185,-118.05647
2209,1998,33.59162,-118.06273
2210,1998,33.58968,-118.04062
2211,1998,33.58788,-118.00967
2212,1998,33.58956,-117.98899
2213,1998,33.57184,-117.97731
2214,1998,32.68981,-117.30102
2215,1998,32.68131,-117.31001
2216,1998,32.67613,-117.32215
2217,1998,32.66257,-117.31068
2218,1998,32.66639,-117.27978
2219,1998,32.65496,-117.3315
2220,1998,32.65967,-117.27998
2221,1998,32.7279,-117.205
2222,1998,32.71867,-117.22571
2223,1998,32.71576,-117.23093
2224,1998,32.71292,-117.23367
2225,1998,32.71338,-117.23004
2226,1998,32.71138,-117.23213
2227,1998,32.72376,-117.2079
2228,1998,32.72413,-117.1782
2229,1998,32.70894,-117.176
2230,1998,32.70192,-117.1787
2231,1998,32.69485,-117.15653
2232,1998,32.69235,-117.16399
2233,1998,32.68573,-117.15179
2235,1998,32.64081,-117.13707
2238,1998,32.62548,-117.12802
2239,1998,32.68248,-117.14509
2240,1998,32.66743,-117.15428
2241,1998,32.67029,-117.13662
2242,1998,32.66493,-117.14993
2243,1998,32.66459,-117.14282
2244,1998,32.65966,-117.13189
2245,1998,32.65091,-117.14279
2247,1998,32.64235,-117.12493
2249,1998,32.62083,-117.128
2251,1998,32.70226,-117.16198
2252,1998,32.69177,-117.15298
2253,1998,32.68821,-117.13786
2254,1998,32.67672,-117.16326
2255,1998,32.67801,-117.12937
2256,1998,32.67678,-117.13577
2257,1998,32.67693,-117.13415
2258,1998,32.676,-117.13215
2259,1998,32.67015,-117.12477
2260,1998,32.66723,-117.12999
2262,1998,32.65143,-117.12293
2263,1998,32.71608,-117.17615
2264,1998,32.6854,-117.13293
2265,1998,32.6839,-117.14028
2266,1998,34.3982,-119.8214
2267,1998,34.4057,-119.8254
2268,1998,34.4001,-119.8106
2269,1998,34.3973,-119.6669
2272,1998,34.3983,-119.6593
2273,1998,34.1302,-119.1985
2274,1998,34.1239,-119.1977
2275,1998,34.13,-119.194
2276,1998,34.124,-119.1828
2277,1998,33.5082,-117.7651
2278,1998,33.5049,-117.7635
2279,1998,33.5157,-117.7661
2280,1998,33.5089,-117.7689
2281,1998,33.4329,-117.6985
2282,1998,33.436,-117.6789
2283,1998,33.4317,-117.6895
2284,1998,33.434,-117.697
2285,1998,33.159,-117.3982
2286,1998,33.1666,-117.3886
2287,1998,33.1593,-117.3892
2288,1998,33.1586,-117.3846
2289,1998,33.1032,-117.3581
2290,1998,33.116,-117.3587
2291,1998,33.1,-117.3529
2292,1998,33.1191,-117.3564
2293,1998,32.9998,-117.2924
2294,1998,33.0034,-117.3048
2295,1998,32.9911,-117.2991
2296,1998,32.9989,-117.297
2297,1998,33.723,-118.2353
2298,1998,33.7291,-118.2338
2299,1998,33.7203,-118.2337
2300,1998,33.7182,-118.2392
2301,1998,34.401,-119.8328
2302,1998,33.5099,-117.7765
2303,1998,33.5189,-117.7821
2304,1998,33.5214,-117.7698
2305,1998,33.9757,-118.4712
2306,1998,33.9359,-118.453
2307,1998,33.9625,-118.4762
2308,1998,34.0841,-119.0908
2310,1998,34.0907,-119.0721
2311,1998,33.7556,-118.1851
2312,1998,34.0206,-118.665
2313,1998,34.0278,-118.6826
2314,1998,34.0271,-118.6826
2315,1998,32.7695,-117.2698
2317,1998,32.7671,-117.2765
2318,1998,33.7237,-118.127
2319,1998,33.7372,-118.1434
2320,1998,33.733,-118.1215
2321,1998,33.7295,-118.134
2325,1998,33.6278,-117.9872
2326,1998,33.6227,-117.9562
2328,1998,34.2202,-119.2889
2329,1998,34.25,-119.2766
2330,1998,34.2394,-119.2807
2331,1998,34.2458,-119.2894
2335,1998,32.5447,-117.1548
2338,1998,34.2697,-119.3411
2339,1998,34.26696,-119.31223
2340,1998,34.265,-119.3408
2341,1998,34.08835,-119.151333
2342,1998,34.070067,-119.15965
2343,1998,34.024417,-118.8518
2344,1998,34.018833,-118.8563
2345,1998,33.507417,-117.76845
2346,1998,33.49405,-117.777133
2347,1998,33.404833,-117.654417
2348,1998,33.39535,-117.665083
2349,1998,32.8946,-117.268833
2350,1998,32.888683,-117.277717
2351,1998,32.8215,-117.3202
2352,1998,32.542033,-117.190233
2353,1998,32.552,-117.263667
2354,1998,34.45887,-120.31283
2355,1998,34.4516,-120.33624
2356,1998,34.44788,-120.07345
2357,1998,34.40632,-119.94079
2358,1998,34.39681,-119.9725
2359,1998,34.39839,-119.86476
2360,1998,34.394,-119.87538
2361,1998,34.39968,-119.57106
2362,1998,34.36883,-119.66829
2363,1998,34.35528,-119.62877
2364,1998,34.34274,-119.65683
2365,1998,34.34408,-119.56258
2366,1998,34.33147,-119.61059
2367,1998,34.31741,-119.53315
2368,1998,34.30119,-119.4631
2369,1998,34.30414,-119.42533
2370,1998,34.29865,-119.3623
2371,1998,34.26484,-119.50966
2372,1998,34.23981,-119.60213
2373,1998,34.22055,-119.38588
2374,1998,34.18842,-119.49138
2375,1998,34.18758,-119.3554
2376,1998,34.17867,-119.34686
2377,1998,34.03842,-118.93932
2378,1998,34.03201,-118.92229
2379,1998,34.019,-118.83729
2380,1998,34.0181,-118.75943
2381,1998,34.00295,-118.76933
2382,1998,34.02321,-118.59282
2383,1998,34.01118,-118.51295
2384,1998,33.93014,-118.50469
2385,1998,33.90638,-118.45707
2386,1998,33.87812,-118.42448
2387,1998,33.84834,-118.45222
2388,1998,33.74816,-118.14888
2389,1998,33.7095,-118.32193
2390,1998,33.69334,-118.26469
2391,1998,33.70941,-118.13774
2392,1998,33.70507,-118.15527
2393,1998,33.68281,-118.08831
2394,1998,33.65103,-118.24907
2395,1998,33.67262,-118.05404
2396,1998,33.648,-118.1495
2397,1998,33.65001,-118.12609
2398,1998,33.6192,-118.14307
2399,1998,33.63478,-117.99484
2400,1998,33.60346,-118.09545
2401,1998,33.5914,-117.95776
2402,1998,33.55758,-117.82971
2403,1998,33.5186,-117.80297
2404,1998,33.42203,-117.65541
2405,1998,33.29445,-117.55956
2406,1998,33.28164,-117.47103
2407,1998,33.2602,-117.52352
2408,1998,33.10513,-117.36191
2409,1998,33.0007,-117.28334
2410,1998,32.77209,-117.35459
2411,1998,32.75267,-117.34298
2412,1998,32.72145,-117.29626
2413,1998,32.69036,-117.27828
2414,1998,32.67683,-117.18999
2415,1998,32.65863,-117.18214
2417,1998,32.62495,-117.21479
2418,1998,32.5952,-117.31481
2419,1998,32.58938,-117.26361
2421,1998,33.76646,-118.24132
2422,1998,33.74668,-118.25295
2423,1998,32.78093,-117.2496
2424,1998,32.76668,-117.24686
2425,1998,32.76715,-117.23551
2426,1998,33.73426,-118.23149
2427,1998,33.73108,-118.23526
2428,1998,33.71876,-118.25915
2429,1998,33.71002,-118.28141
2430,1998,33.76916,-118.22453
2431,1998,33.75334,-118.22415
2432,1998,33.75085,-118.23051
2433,1998,32.72239,-117.2095
2434,1998,32.72487,-117.18359
2435,1998,32.71159,-117.22289
2436,1998,32.71504,-117.18308
2438,1998,32.62229,-117.10144
2439,1998,32.72603,-117.18946
2440,1998,32.71851,-117.17484
2441,1998,32.69111,-117.23803
2442,1998,32.68926,-117.23707
2443,1998,33.98331,-118.45055
2444,1998,33.98125,-118.44823
2445,1998,33.97833,-118.45551
2446,1998,33.97734,-118.44143
2447,1998,33.97404,-118.44719
2448,1998,33.97031,-118.4482
2449,1998,33.96377,-118.45721
2450,1998,33.76004,-118.199232
2451,1998,33.752223,-118.174073
2453,1998,33.628029,-117.974895
2454,1998,33.509852,-117.753075
2455,1998,33.110056,-117.346778
2456,1998,33.010556,-117.3025
2457,1998,33.44105,-117.691367
2467,1998,33.96516,-119.8526
2469,1998,34.01121,-120.3722
2472,1998,34.01213,-119.8974
2475,1998,34.04763,-119.9116
2476,1998,34.05102,-120.3353
2479,1998,34.06882,-119.7699
2480,1998,34.15007,-120.3545
2482,1998,33.89346,-120.0288
2483,1998,34.08062,-120.1271
2485,1998,33.84227,-120.0363
2487,1998,34.01441,-120.4373
2489,1998,33.94369,-120.2406
2490,1998,34.04548,-120.4901
2491,1998,34.01145,-120.4746
2492,1998,33.91281,-119.9476
2493,1998,34.07863,-119.8879
2511,1998,33.5097,-119.076
2512,1998,33.47612,-119.0006
2513,1998,33.99102,-119.3878
2514,1998,34.03293,-119.5092
2515,1998,34.08437,-119.6675
2516,1998,34.06661,-119.5889
2518,1998,34.09671,-119.7371
2519,1998,33.96927,-119.6311
2520,1998,34.03101,-119.4229
2521,1998,33.94346,-119.7822
2522,1998,34.0587,-119.4967
2523,1998,33.4726,-119.0942
2540,1998,33.9613,-119.7121
2542,1998,33.46225,-119.0299
2543,1998,34.00342,-119.4287
2545,1998,34.01921,-119.3647
2546,1998,34.01055,-119.4049
2547,1998,34.05429,-119.5735
2549,1998,33.98703,-119.5886
2551,1998,33.99973,-119.5386
3001,2003,33.36123,-118.30683
4000,2003,32.55068333,-117.19993
4001,2003,33.31768,-118.15737
4002,2003,33.75507,-118.10248
4003,2003,34.1249471,-119.1927897
4004,2003,32.66351667,-117.3412333
4005,2003,33.93287,-118.89562
4006,2003,33.86073405,-118.4479492
4007,2003,34.36324056,-120.009668
4008,2003,33.22881667,-117.4121333
4009,2003,33.46348,-117.9181
4010,2003,33.76681722,-118.2485026
4012,2003,32.69483333,-117.30255
4015,2003,34.33389,-119.74168
4017,2003,33.64583333,-117.8881
4018,2003,33.75542833,-118.1298483
4019,2003,34.23116667,-119.5115
4020,2003,32.76755,-117.24148
4021,2003,33.92836507,-118.4830241
4022,2003,33.87363281,-118.516097
4023,2003,34.30830485,-119.7122396
4024,2003,33.11930667,-117.3606167
4025,2003,33.73922,-119.06587
4026,2003,33.62106527,-118.1951172
4027,2003,34.1158,-119.93588
4028,2003,32.67485,-117.1438333
4029,2003,34.03413,-119.35078
4030,2003,33.51168333,-117.7711
4032,2003,33.00916667,-117.2764667
4033,2003,32.75788333,-117.2274167
4034,2003,33.74666,-118.11384
4035,2003,34.28383333,-119.5068333
4036,2003,32.79631667,-117.30508
4037,2003,33.99779867,-118.7096029
4038,2003,33.76680094,-118.460319
4039,2003,34.28763835,-120.4554362
4040,2003,33.15294667,-117.3872683
4041,2003,33.56751709,-117.9896973
4042,2003,33.6954834,-118.2961914
4043,2003,34.28409017,-119.3546224
4045,2003,33.93451742,-118.5394043
4047,2003,34.39555,-119.66212
4048,2003,33.08799,-117.3508533
4049,2003,33.13933333,-117.3371333
4050,2003,33.72465007,-118.2621745
4051,2003,34.0746,-119.74818
4052,2003,32.62356667,-117.1336
4053,2003,33.97109,-118.43916
4055,2003,34.40404,-119.81206
4057,2003,33.97763265,-118.6262695
4058,2003,33.6429,-118.07805
4059,2003,34.38634847,-119.9882975
4060,2003,33.03045,-117.67092
4061,2003,34.10118408,-119.1508952
4062,2003,33.43068,-117.67668
4064,2003,33.00606667,-117.29675
4065,2003,33.60936686,-117.9049967
4066,2003,33.74128,-118.11673
4067,2003,34.23077799,-119.6875488
4068,2003,32.58606667,-117.3411
4069,2003,34.03634847,-118.917041
4070,2003,33.75851644,-118.4461914
4071,2003,34.34470215,-120.3687988
4072,2003,33.63676667,-117.9546833
4073,2003,33.59801839,-118.0456217
4074,2003,33.58175,-118.3284
4075,2003,33.64666667,-117.8834333
4076,2003,32.71815,-117.2304667
4077,2003,33.92191569,-118.520459
4079,2003,34.38355306,-119.5957031
4080,2003,33.26551333,-117.5338717
4083,2003,34.11822917,-119.6278809
4084,2003,32.66037,-117.12345
4085,2003,33.9643,-118.45345
4086,2003,33.8348999,-118.4689779
4087,2003,33.13943333,-117.3186667
4088,2003,33.09427,-117.4172517
4089,2003,33.84818522,-118.5673177
4090,2003,33.6595988,-118.1306478
4091,2003,34.14347331,-120.1791504
4092,2003,32.72433333,-117.1825
4093,2003,34.0665,-119.134
4094,2003,33.43962,-117.69352
4096,2003,33.26991833,-117.5647917
4097,2003,33.61536865,-117.9027507
4098,2003,33.74401667,-118.16815
4099,2003,34.30666667,-119.558
4100,2003,32.93347,-117.39423
4101,2003,33.99818522,-118.5592773
4102,2003,33.72086589,-118.3645508
4103,2003,34.23311768,-119.7060221
4104,2003,33.63305,-117.8879333
4106,2003,33.63468,-118.30048
4108,2003,32.71628333,-117.17415
4109,2003,33.95833333,-118.5201009
4110,2003,33.46418333,-117.7616
4111,2003,34.3946818,-120.332487
4113,2003,33.59041748,-117.9713216
4115,2003,34.07825,-119.70038
4116,2003,32.65851667,-117.1442167
4117,2003,33.98225,-118.44393
4118,2003,33.76571,-118.10362
4119,2003,34.40020345,-119.8432943
4120,2003,32.6575,-117.3093833
4121,2003,33.85245,-119.19122
4122,2003,33.60446777,-118.1404785
4123,2003,34.45382487,-120.1976725
4124,2003,33.46948,-118.38995
4125,2003,34.04116667,-119.1973333
4126,2003,33.35402,-117.61937
4128,2003,32.91758333,-117.2733833
4129,2003,33.61621501,-117.9213704
4130,2003,33.76505,-118.11227
4131,2003,34.16222331,-119.2241536
4132,2003,32.69333,-117.39537
4133,2003,34.04433333,-119.0551667
4134,2003,33.8197998,-118.4271322
4135,2003,34.31368815,-120.2823893
4137,2003,33.57694906,-118.0115072
4138,2003,33.72268473,-118.2796061
4140,2003,32.71648333,-117.22495
4141,2003,33.92465007,-118.5265625
4142,2003,33.78084,-118.20579
4143,2003,34.35892,-119.4888
4144,2003,33.22071,-117.5119883
4145,2003,33.08823333,-117.31085
4146,2003,33.74526774,-118.2157227
4147,2003,34.169,-119.4593333
4148,2003,32.64688333,-117.1178167
4149,2003,33.96334,-118.45527
4150,2003,33.87666829,-118.4697428
4152,2003,33.11458167,-117.35744
4153,2003,33.83277,-118.64538
4154,2003,33.62455,-118.0747333
4155,2003,34.102,-120.14233
4156,2003,32.72286667,-117.2124833
4157,2003,34.11066667,-119.2213333
4158,2003,33.42752,-117.64455
4159,2003,33.9948,-120.33707
4160,2003,33.10097,-117.62932
4161,2003,33.70328333,-118.0492
4162,2003,33.73093333,-118.1915833
4163,2003,34.0807,-119.52038
4164,2003,32.72933,-117.34458
4165,2003,34.01376546,-118.5921224
4166,2003,33.70801595,-118.3572266
4167,2003,34.26182861,-119.767334
4168,2003,33.64975,-117.8673
4169,2003,33.41805,-118.0225
4170,2003,33.69848226,-118.303776
4171,2003,33.85628,-120.00248
4172,2003,32.59536667,-117.2457333
4173,2003,33.90768229,-118.5664063
4177,2003,33.61233317,-117.9108724
4178,2003,33.71225179,-118.2578288
4179,2003,34.1450765,-119.7693034
4181,2003,34.00004883,-118.5079753
4182,2003,33.7668,-118.10532
4183,2003,34.39980469,-119.8305013
4184,2003,32.68812,-117.32432
4185,2003,33.99211833,-118.7975911
4186,2003,33.5668986,-118.1913411
4187,2003,34.4102417,-120.2185059
4188,2003,33.48913,-118.4292
4189,2003,34.20076497,-119.302946
4192,2003,32.95833167,-117.2733717
4193,2003,33.60108236,-117.8922852
4194,2003,33.75282,-118.10536
4195,2003,34.22434896,-119.605957
4196,2003,32.85202,-117.4232
4197,2003,34.03275,-118.6822167
4198,2003,33.78963216,-118.4557129
4199,2003,34.18267822,-120.3511393
4200,2003,33.1591,-117.3975767
4201,2003,33.53648333,-117.84875
4202,2003,33.69408366,-118.3464844
4203,2003,34.26386719,-119.3709798
4204,2003,32.76218,-117.2365
4205,2003,33.92744954,-118.5431641
4206,2003,33.80799,-118.22849
4207,2003,34.39918,-119.66
4208,2003,33.339385,-117.522275
4209,2003,33.2321,-117.4134667
4210,2003,33.75251465,-118.2180501
4211,2003,34.15825195,-119.8272786
4212,2003,32.62575,-117.1356
4213,2003,33.97395,-118.43504
4215,2003,34.40245,-119.81213
4216,2003,33.27252,-118.08478
4218,2003,33.60721842,-118.1246419
4219,2003,34.2137,-119.94548
4220,2003,33.10793,-117.89835
4221,2003,33.62383333,-117.8865667
4222,2003,33.428,-117.69023
4224,2003,33.15092,-117.58293
4227,2003,34.2070516,-119.5669434
4228,2003,32.78415,-117.21553
4230,2003,33.89770101,-118.5011719
4232,2003,33.10725333,-117.3571567
4233,2003,33.78967,-118.98808
4234,2003,33.6716512,-118.2648275
4235,2003,33.88687,-120.01045
4236,2003,32.67866667,-117.1695
4237,2003,34.12733333,-119.4013333
4238,2003,33.49953333,-117.7512667
4239,2003,34.33956299,-120.4431803
4240,2003,33.12852667,-117.4120983
4241,2003,33.60319824,-118.0359538
4242,2003,33.72399902,-118.2245117
4243,2003,33.96537,-119.60448
4244,2003,32.68258333,-117.2820833
4246,2003,33.71743333,-118.0624667
4248,2003,32.67931667,-117.28215
4249,2003,33.99517,-119.12147
4250,2003,33.57686768,-118.2102376
4251,2003,34.39788005,-120.0311361
4252,2003,33.61545,-118.72048
4253,2003,34.12073568,-119.1886719
4254,2003,33.51351725,-118.1785645
4255,2003,34.05233,-120.55775
4256,2003,32.58955,-117.2284333
4257,2003,33.60305176,-117.8983398
4258,2003,33.75883,-118.09872
4259,2003,34.13510742,-119.1938802
4260,2003,32.65896667,-117.3360667
4261,2003,34.01651611,-119.0577962
4262,2003,33.84303385,-118.3957357
4263,2003,34.20789795,-120.2989797
4264,2003,32.75683333,-117.2353667
4265,2003,33.59181722,-118.0266276
4266,2003,33.76636556,-118.2776204
4267,2003,34.31313,-119.43346
4268,2003,32.71893333,-117.2194667
4269,2003,33.95656738,-118.5924967
4270,2003,33.82007,-118.2412
4272,2003,33.14493333,-117.3330333
4273,2003,33.64213333,-117.9531167
4274,2003,33.72828333,-118.1570833
4276,2003,32.78592,-117.25068
4277,2003,33.90920003,-118.5000488
4278,2003,33.87743327,-118.5441081
4279,2003,34.2779541,-119.7176758
4280,2003,33.11517833,-117.3479367
4282,2003,33.63573405,-118.1977702
4283,2003,34.28393,-120.08423
4284,2003,32.72688333,-117.2021
4285,2003,34.10733333,-119.3188333
4286,2003,33.5033,-117.7648833
4288,2003,33.65105,-117.8684667
4290,2003,33.7116984,-118.184554
4291,2003,34.30453,-119.41359
4294,2003,33.73571777,-118.4096029
4295,2003,34.31415609,-119.8836426
4296,2003,33.15209833,-117.38321
4297,2003,33.52661667,-117.8962
4298,2003,33.63738,-118.31023
4299,2003,33.87433,-119.94797
4300,2003,32.6417,-117.2213333
4301,2003,33.89661865,-118.5398926
4304,2003,33.14015,-117.32495
4305,2003,33.62268333,-117.8926833
4306,2003,33.73831787,-118.2333984
4308,2003,32.63105,-117.1219
4309,2003,33.97903239,-118.4875163
4312,2003,32.69082,-117.35272
4314,2003,33.60605062,-118.1898438
4315,2003,34.46531576,-120.1296061
4316,2003,32.8739,-117.58482
4317,2003,34.18289388,-119.3537109
4318,2003,33.462,-117.70417
4320,2003,32.99386667,-117.29005
4321,2003,33.59840088,-117.8805013
4322,2003,33.74963,-118.1105
4323,2003,34.19805501,-119.6283691
4326,2003,33.74296468,-118.4237467
4327,2003,34.26806234,-120.3070801
4328,2003,33.16206667,-117.3859117
4329,2003,33.5564,-118.02255
4330,2003,33.61658529,-118.259847
4331,2003,34.2549235,-119.3249023
4332,2003,32.77402,-117.27397
4336,2003,33.35422,-117.59866
4337,2003,33.6473,-117.88635
4338,2003,33.76199951,-118.208252
4339,2003,33.95347,-119.68658
4340,2003,32.67885,-117.12783
4341,2003,33.97253,-118.44897
4343,2003,34.34975179,-119.8625326
4345,2003,33.90655,-118.8165
4346,2003,33.60223389,-118.1166829
4347,2003,34.11298,-120.02578
4348,2003,32.70646667,-117.1797667
4349,2003,34.10509847,-119.1955404
4350,2003,33.42767,-117.68583
4351,2003,34.07115,-120.3286
4352,2003,33.21328,-117.75297
4354,2003,33.74835,-118.1987167
4356,2003,32.74087,-117.4265
4358,2003,33.88210042,-118.5350098
4359,2003,34.2498,-119.92203
4360,2003,33.0912,-117.2996833
4361,2003,33.25633,-117.78913
4362,2003,33.63718262,-118.2480632
4363,2003,33.97688,-119.92262
4364,2003,32.67943333,-117.1649167
4365,2003,33.96103516,-118.529362
4366,2003,33.50751667,-117.7595667
4367,2003,34.46199137,-120.2911458
4368,2003,33.1281,-117.54293
4369,2003,33.57526855,-117.9846029
4370,2003,33.73166667,-118.2038833
4371,2003,34.05378,-119.5295
4374,2003,33.68251667,-118.0625833
4376,2003,32.68015,-117.3243167
4377,2003,33.95945,-119.25835
4378,2003,33.54615072,-118.2273275
4379,2003,34.40624593,-120.1066081
4380,2003,33.6148,-118.59305
4381,2003,34.12987061,-119.1877767
4384,2003,32.99879333,-117.3010933
4386,2003,33.75545667,-118.113245
4392,2003,33.58233,-118.7546
4398,2003,32.99993,-117.42053
4400,2003,33.72235107,-118.2117676
4404,2003,33.72184667,-118.0653633
4408,2003,33.75495,-118.1635333
4417,2003,33.89012,-120.08192
4418,2003,32.68013333,-117.17305
4419,2003,34.12233333,-119.3313333
4421,2003,33.98797,-120.37985
4423,2003,33.60880127,-117.8960612
4424,2003,33.75121,-118.112075
4425,2003,34.22167969,-119.6411296
4426,2003,32.82543333,-117.3655333
4436,2003,33.8092,-118.22878
4440,2003,33.7658,-118.20589
4446,2003,33.45065,-119.06888
4453,2003,33.94973,-120.23757
4456,2003,33.7658,-118.11313
4458,2003,32.59795,-117.3509333
4479,2003,33.36157,-118.30707
4481,2003,34.09625,-120.12347
4494,2003,33.63783333,-117.9643833
4520,2003,33.75595,-118.10129
4522,2003,32.66188,-117.44723
4529,2003,34.04632,-119.43885
4545,2003,34.13483,-119.95805
4561,2003,33.82748,-120.07565
4574,2003,33.45747,-119.10578
4581,2003,34.16493,-120.60918
4600,2003,33.77391667,-118.2058833
4613,2003,34.10802,-120.20648
4633,2003,32.04718,-119.65462
4636,2003,33.77539,-118.10378
4657,2003,34.05723,-119.47412
4683,2003,34.03281,-118.68481
4695,2003,32.55673333,-117.1280667
4697,2003,33.9749,-119.88047
4778,2003,32.62295,-117.44485
4788,2003,33.77948333,-118.2053167
4810,2003,32.75155,-117.38607
4852,2003,33.80308333,-118.2276333
4856,2003,33.76999,-118.20602
4913,2003,33.96302,-119.58563
4939,2003,34.03261667,-118.6813667
5002,2003,32.78458,-117.38948
5012,2003,33.8159,-118.23603
5014,2003,33.74011667,-118.0842167
5034,2003,32.65972,-117.41447
5108,2003,33.80223333,-118.2276667
5301,2003,32.93175,-117.2533167
5735,2003,33.96649,-118.44783
5739,2003,34.03438,-118.68201
5767,2003,33.96514,-118.45023
5771,2003,34.03292,-118.68456
5787,2003,33.96275,-118.45502
6001,2008,32.55658,-117.1281
6004,2008,32.55737,-117.12239
6009,2008,32.5592,-117.11603
6010,2008,32.55935,-117.11118
6012,2008,32.56244,-117.10841
6015,2008,32.60756,-117.12241
6017,2008,32.60837,-117.1114
6025,2008,32.62351,-117.13374
6027,2008,32.6265,-117.13465
6031,2008,32.63248,-117.13566
6039,2008,32.64686,-117.11961
6040,2008,32.64724,-117.11783
6041,2008,32.6475,-117.11686
6042,2008,32.64753,-117.12127
6044,2008,32.64816,-117.1145
6045,2008,32.64831,-117.11611
6046,2008,32.64879,-117.11388
6047,2008,32.64925,-117.11
6049,2008,32.64889,-117.11284
6052,2008,32.65109,-117.1031
6054,2008,32.65143,-117.12288
6057,2008,32.65211,-117.10048
6060,2008,32.65368,-117.09492
6065,2008,32.65503,-117.09129
6068,2008,32.65558,-117.12542
6069,2008,32.65664,-117.08712
6071,2008,32.65832,-117.14422
6072,2008,32.65887,-117.11933
6075,2008,32.65987,-117.12241
6080,2008,32.66492,-117.1498
6083,2008,32.67027,-117.15476
6084,2008,32.67038,-117.13647
6085,2008,32.67104,-117.12384
6086,2008,32.67116,-117.13063
6087,2008,32.67163,-117.12618
6090,2008,32.67347,-117.13642
6094,2008,32.67536,-117.12882
6106,2008,32.68096,-117.14531
6110,2008,32.6827,-117.13837
6113,2008,32.68473,-117.13543
6115,2008,32.6853,-117.13645
6116,2008,32.68555,-117.13396
6119,2008,32.68667,-117.13372
6120,2008,32.68704,-117.13414
6125,2008,32.68814,-117.13819
6127,2008,32.68995,-117.14003
6128,2008,32.69141,-117.23823
6129,2008,32.69163,-117.15291
6130,2008,32.69424,-117.23779
6133,2008,32.69618,-117.15301
6134,2008,32.69827,-117.15841
6136,2008,32.69962,-117.16085
6138,2008,32.7015,-117.22657
6140,2008,32.70223,-117.16168
6145,2008,32.71148,-117.23221
6148,2008,32.71265,-117.23031
6151,2008,32.71428,-117.2297
6152,2008,32.71488,-117.18292
6153,2008,32.71581,-117.23093
6154,2008,32.71596,-117.17483
6155,2008,32.71594,-117.17591
6156,2008,32.7164,-117.19664
6157,2008,32.71676,-117.2248
6159,2008,32.71836,-117.23055
6161,2008,32.71825,-117.22586
6165,2008,32.72166,-117.22155
6168,2008,32.72385,-117.1756
6171,2008,32.72438,-117.22485
6172,2008,32.72418,-117.18268
6173,2008,32.72486,-117.18351
6174,2008,32.72628,-117.1767
6177,2008,32.72714,-117.20218
6179,2008,32.72811,-117.20838
6180,2008,32.72844,-117.20187
6181,2008,32.75679,-117.23502
6189,2008,32.75766,-117.242
6192,2008,32.7579,-117.22693
6197,2008,32.76008,-117.22071
6200,2008,32.76053,-117.21014
6204,2008,32.76254,-117.23619
6211,2008,32.76753,-117.23543
6212,2008,32.76779,-117.24127
6213,2008,32.76826,-117.24723
6216,2008,32.78083,-117.24934
6217,2008,32.78437,-117.21529
6219,2008,32.78738,-117.20922
6223,2008,32.79425,-117.22039
6228,2008,32.93043,-117.24855
6229,2008,32.93155,-117.25097
6230,2008,32.9321,-117.25336
6232,2008,32.9328,-117.2579
6236,2008,32.93378,-117.25683
6239,2008,33.008,-117.27063
6242,2008,33.0106,-117.26359
6243,2008,33.0113,-117.27323
6244,2008,33.01413,-117.27963
6245,2008,33.01426,-117.2769
6250,2008,33.08775,-117.29285
6251,2008,33.08806,-117.3105
6252,2008,33.0885,-117.2726
6253,2008,33.0885,-117.30495
6264,2008,33.0906,-117.2872
6269,2008,33.13921,-117.3377
6270,2008,33.1396,-117.3186
6271,2008,33.14016,-117.3251
6280,2008,33.14456,-117.32811
6282,2008,33.1447,-117.33563
6288,2008,33.20486,-117.39073
6291,2008,33.20688,-117.39355
6294,2008,33.2078,-117.39731
6303,2008,33.23226,-117.4132
6308,2008,33.23342,-117.41152
6311,2008,33.2344,-117.409
6314,2008,33.2354,-117.40745
6317,2008,33.23557,-117.40565
6320,2008,33.45881,-117.6972
6325,2008,33.46061,-117.70591
6327,2008,33.46133,-117.70205
6328,2008,33.46185,-117.70265
6331,2008,33.59469,-117.8805
6335,2008,33.60301,-117.89645
6343,2008,33.60988,-117.90511
6344,2008,33.61001,-117.92439
6350,2008,33.61908,-117.92698
6354,2008,33.63288,-117.88807
6355,2008,33.63655,-117.95382
6362,2008,33.64574,-117.8888
6363,2008,33.64682,-117.88411
6372,2008,33.68716,-118.03388
6375,2008,33.69125,-118.04154
6382,2008,33.70366,-118.0496
6383,2008,33.70751,-118.26982
6384,2008,33.70896,-118.26207
6386,2008,33.71213,-118.25808
6387,2008,33.71348,-118.24186
6402,2008,33.72381,-118.26256
6404,2008,33.72418,-118.2243
6405,2008,33.7266,-118.23256
6406,2008,33.72757,-118.07917
6407,2008,33.7275,-118.15785
6411,2008,33.72836,-118.15723
6413,2008,33.72913,-118.23406
6416,2008,33.73108,-118.2235
6419,2008,33.73133,-118.19163
6424,2008,33.73253,-118.25328
6428,2008,33.73433,-118.23144
6432,2008,33.7358,-118.17995
6436,2008,33.73943,-118.13461
6437,2008,33.73968,-118.1718
6438,2008,33.74023,-118.08427
6442,2008,33.74254,-118.11705
6443,2008,33.7421,-118.20586
6444,2008,33.74213,-118.153
6446,2008,33.74311,-118.20521
6447,2008,33.74333,-118.16495
6448,2008,33.74448,-118.16908
6449,2008,33.74495,-118.23841
6450,2008,33.74554,-118.21577
6451,2008,33.74584,-118.0826
6460,2008,33.75013,-118.22486
6462,2008,33.75095,-118.17611
6466,2008,33.75278,-118.2177
6467,2008,33.75333,-118.22405
6468,2008,33.75299,-118.10511
6472,2008,33.75538,-118.12985
6478,2008,33.75958,-118.16241
6479,2008,33.76049,-118.12171
6482,2008,33.76326,-118.25095
6485,2008,33.76578,-118.10355
6487,2008,33.76595,-118.27751
6489,2008,33.76671,-118.2485
6493,2008,33.7691,-118.21705
6500,2008,33.78056,-118.20581
6508,2008,33.96281,-118.45421
6513,2008,33.96469,-118.45333
6518,2008,33.97023,-118.44804
6520,2008,33.97125,-118.43955
6527,2008,33.98048,-118.4422
6530,2008,33.98308,-118.45068
6539,2008,34.10402,-119.11238
6543,2008,34.11415,-119.09369
6546,2008,34.15285,-119.20983
6549,2008,34.17122,-119.22351
6553,2008,34.18464,-119.23089
6560,2008,34.24868,-119.26406
6562,2008,34.42181,-119.82935
6570,2008,32.65812,-117.12241
6572,2008,32.66887,-117.12869
6649,2008,33.97773,-118.45265
6659,2008,32.64782,-117.12026
6660,2008,32.65607,-117.12254
6661,2008,32.65759,-117.12275
7000,2008,32.53748,-117.14145
7002,2008,32.55097,-117.19907
7008,2008,32.58628,-117.34124
7009,2008,32.58907,-117.26339
7019,2008,32.60697,-117.27802
7021,2008,32.61357,-117.17748
7022,2008,32.6223,-117.45844
7024,2008,32.62178,-117.14213
7029,2008,32.63585,-117.41778
7032,2008,32.64447,-117.34078
7044,2008,32.66413,-117.20006
7045,2008,32.67026,-117.3752
7047,2008,32.67038,-117.48711
7048,2008,32.67857,-117.44317
7056,2008,32.68378,-117.3778
7064,2008,32.69336,-117.3961
7068,2008,32.71056,-117.30976
7069,2008,32.71079,-117.3882
7070,2008,32.7296,-117.48228
7079,2008,32.74467,-117.4274
7080,2008,32.74115,-117.4273
7081,2008,32.74984,-117.37177
7082,2008,32.76005,-117.55514
7091,2008,32.7961,-117.26738
7092,2008,32.80059,-117.56654
7093,2008,32.80746,-117.34415
7094,2008,32.80286,-117.48772
7096,2008,32.82575,-117.38561
7097,2008,32.84247,-117.54934
7098,2008,32.85035,-117.35485
7099,2008,32.85073,-117.4104
7100,2008,32.82807,-117.4428
7102,2008,32.88622,-117.48271
7104,2008,32.93183,-117.3945
7109,2008,32.99158,-117.63517
7111,2008,32.9964,-117.38869
7121,2008,33.03245,-117.6696
7122,2008,33.08811,-117.35088
7123,2008,33.09372,-117.41731
7126,2008,33.10121,-117.63101
7128,2008,33.10529,-117.36198
7145,2008,33.15246,-117.38108
7155,2008,33.21041,-118.08141
7158,2008,33.22071,-117.51208
7159,2008,33.22278,-117.41728
7165,2008,33.26274,-117.56507
7166,2008,33.26499,-117.53364
7167,2008,33.27019,-117.56557
7168,2008,33.27486,-118.08611
7173,2008,33.29833,-117.77792
7174,2008,33.31633,-117.6381
7175,2008,33.3178,-118.1608
7185,2008,33.40568,-117.67902
7186,2008,33.41844,-118.02265
7193,2008,33.43028,-117.74615
7199,2008,33.45053,-119.06923
7200,2008,33.45453,-118.258
7206,2008,33.46386,-118.39459
7207,2008,33.46476,-117.91949
7208,2008,33.46416,-117.7622
7209,2008,33.47286,-119.09436
7210,2008,33.47593,-118.09964
7212,2008,33.48684,-118.42443
7215,2008,33.49958,-117.75341
7228,2008,33.51656,-119.09363
7231,2008,33.5213,-117.76958
7235,2008,33.53296,-119.04803
7236,2008,33.53704,-117.84908
7238,2008,33.54388,-118.65963
7241,2008,33.55208,-118.10143
7250,2008,33.57775,-118.68439
7251,2008,33.5793,-118.32875
7253,2008,33.57924,-118.13959
7269,2008,33.60235,-118.05657
7280,2008,33.6137,-118.71972
7287,2008,33.62098,-118.19508
7288,2008,33.62161,-118.44327
7293,2008,33.62714,-117.98707
7296,2008,33.63786,-118.30249
7298,2008,33.6395,-118.16588
7300,2008,33.64311,-118.07805
7301,2008,33.64799,-118.14934
7305,2008,33.65971,-118.13045
7312,2008,33.67916,-118.14026
7313,2008,33.68188,-118.19291
7320,2008,33.69436,-118.34604
7321,2008,33.69541,-118.29602
7324,2008,33.70193,-118.30392
7325,2008,33.70283,-118.08255
7355,2008,33.73331,-118.12156
7395,2008,33.76671,-118.4604
7401,2008,33.83238,-118.64855
7403,2008,33.8356,-118.46986
7405,2008,33.83706,-120.00956
7408,2008,33.84008,-120.07918
7410,2008,33.84773,-118.56821
7412,2008,33.85255,-119.19412
7413,2008,33.8536,-119.01005
7415,2008,33.85661,-118.51613
7417,2008,33.86043,-118.4481
7426,2008,33.89385,-118.58433
7428,2008,33.89795,-118.65666
7438,2008,33.91329,-119.94771
7439,2008,33.91288,-120.22141
7442,2008,33.92111,-119.95178
7452,2008,33.93403,-118.89638
7456,2008,33.93738,-119.76278
7457,2008,33.93811,-119.26606
7458,2008,33.93913,-118.55898
7460,2008,33.94219,-119.41158
7461,2008,33.94361,-118.51945
7462,2008,33.94701,-119.92771
7474,2008,33.96238,-118.47663
7475,2008,33.96535,-119.8529
7476,2008,33.96503,-120.3446
7477,2008,33.96721,-118.64721
7479,2008,33.97123,-118.72741
7489,2008,33.98985,-120.34735
7493,2008,33.99451,-120.33641
7494,2008,33.99591,-119.54713
7499,2008,33.99971,-119.01321
7506,2008,34.01128,-120.47381
7517,2008,34.02365,-118.59313
7518,2008,34.03048,-119.42236
7520,2008,34.03428,-119.35208
7522,2008,34.03656,-118.91686
7526,2008,34.04153,-119.19705
7527,2008,34.04218,-119.9472
7528,2008,34.04427,-119.05522
7529,2008,34.0453,-120.48961
7534,2008,34.04823,-120.32598
7537,2008,34.05315,-119.06173
7540,2008,34.0586,-119.49693
7542,2008,34.06635,-119.13406
7543,2008,34.0666,-119.58863
7544,2008,34.06697,-119.20595
7549,2008,34.07276,-119.60168
7550,2008,34.07329,-119.13917
7551,2008,34.0756,-119.74768
7553,2008,34.07813,-120.06566
7555,2008,34.07865,-119.51055
7556,2008,34.07898,-119.70076
7557,2008,34.08009,-119.05971
7566,2008,34.09393,-120.589
7572,2008,34.10056,-119.15087
7573,2008,34.10225,-120.14171
7583,2008,34.11031,-119.22109
7585,2008,34.11278,-119.87226
7586,2008,34.11321,-120.02593
7588,2008,34.1147,-119.93588
7590,2008,34.11827,-119.62905
7596,2008,34.12507,-119.19249
7604,2008,34.133,-119.37993
7607,2008,34.13886,-119.34558
7609,2008,34.14373,-120.17802
7611,2008,34.14542,-119.77006
7615,2008,34.15102,-119.80081
7617,2008,34.15816,-119.82763
7619,2008,34.16118,-119.31958
7620,2008,34.1624,-119.66474
7624,2008,34.16904,-119.46027
7625,2008,34.17017,-119.53299
7629,2008,34.17843,-119.34705
7632,2008,34.18323,-120.35099
7633,2008,34.18408,-120.1111
7637,2008,34.19589,-120.41705
7645,2008,34.21302,-119.59101
7647,2008,34.21892,-119.3548
7651,2008,34.22405,-119.60618
7652,2008,34.23013,-119.68738
7654,2008,34.23255,-119.7068
7668,2008,34.25388,-119.72958
7671,2008,34.26115,-119.76748
7678,2008,34.27792,-119.71826
7681,2008,34.28411,-119.35457
7684,2008,34.28571,-120.28024
7686,2008,34.28701,-120.45568
7688,2008,34.29105,-119.44361
7696,2008,34.30784,-119.71282
7697,2008,34.30796,-120.23041
7700,2008,34.31451,-120.28264
7701,2008,34.31669,-119.72394
7708,2008,34.3442,-119.56235
7709,2008,34.34417,-120.36865
7714,2008,34.36211,-119.5852
7716,2008,34.36286,-120.01044
7717,2008,34.36638,-119.45921
7727,2008,34.39462,-120.33149
7728,2008,34.3956,-119.66215
7732,2008,34.39765,-120.07169
7735,2008,34.39831,-119.86433
7741,2008,34.401,-119.83281
7744,2008,34.40525,-120.31918
7750,2008,34.41366,-120.22299
7752,2008,34.43864,-120.28518
7753,2008,34.44544,-120.42631
B13-8002,2013,32.55659,-117.12813
B13-8008,2013,32.55824,-117.120576
B13-8013,2013,32.62351,-117.13374
B13-8014,2013,32.6265,-117.13465
B13-8017,2013,32.631911,-117.130957
B13-8018,2013,32.634031,-117.107207
B13-8020,2013,32.641832,-117.131229
B13-8028,2013,32.646652,-117.119307
B13-8029,2013,32.6468,-117.1178
B13-8030,2013,32.647137,-117.116612
B13-8031,2013,32.647469,-117.121415
B13-8033,2013,32.647758,-117.119945
B13-8036,2013,32.648279,-117.11623
B13-8038,2013,32.648566,-117.113946
B13-8040,2013,32.648957,-117.110119
B13-8043,2013,32.650076,-117.105062
B13-8045,2013,32.65143,-117.12293
B13-8049,2013,32.656072,-117.122443
B13-8050,2013,32.657472,-117.122738
B13-8052,2013,32.65828,-117.14434
B13-8053,2013,32.658476,-117.119532
B13-8056,2013,32.66033,-117.12292
B13-8058,2013,32.661056,-117.143999
B13-8060,2013,32.66493,-117.14993
B13-8064,2013,32.670943,-117.124076
B13-8065,2013,32.671341,-117.118927
B13-8066,2013,32.671778,-117.125779
B13-8068,2013,32.67537,-117.14385
B13-8069,2013,32.675939,-117.127861
B13-8073,2013,32.680522,-117.175233
B13-8074,2013,32.685411,-117.136495
B13-8075,2013,32.685467,-117.134097
B13-8076,2013,32.686319,-117.132946
B13-8077,2013,32.686585,-117.133918
B13-8078,2013,32.686838,-117.148392
B13-8085,2013,32.69111,-117.23803
B13-8087,2013,32.69177,-117.15298
B13-8090,2013,32.693294,-117.147276
B13-8093,2013,32.695622,-117.162623
B13-8095,2013,32.696189,-117.153406
B13-8096,2013,32.698573,-117.15877
B13-8098,2013,32.699812,-117.160969
B13-8099,2013,32.702237,-117.160586
B13-8100,2013,32.70226,-117.16198
B13-8102,2013,32.71138,-117.23213
B13-8105,2013,32.712338,-117.213324
B13-8106,2013,32.712583,-117.23168
B13-8108,2013,32.714497,-117.230051
B13-8109,2013,32.71504,-117.18308
B13-8111,2013,32.71598,-117.17404
B13-8112,2013,32.71608,-117.17615
B13-8113,2013,32.71683,-117.22429
B13-8116,2013,32.7181,-117.23046
B13-8117,2013,32.71867,-117.22571
B13-8118,2013,32.719794,-117.178628
B13-8121,2013,32.724164,-117.224841
B13-8122,2013,32.72427,-117.18276
B13-8123,2013,32.72487,-117.18359
B13-8124,2013,32.726167,-117.186653
B13-8127,2013,32.72692,-117.20206
B13-8128,2013,32.727044,-117.191947
B13-8129,2013,32.7568,-117.23537
B13-8134,2013,32.757514,-117.237888
B13-8136,2013,32.75785,-117.22741
B13-8145,2013,32.761696,-117.23813
B13-8146,2013,32.7623,-117.23618
B13-8151,2013,32.76715,-117.23551
B13-8152,2013,32.76749,-117.2416
B13-8156,2013,32.78093,-117.2496
B13-8157,2013,32.782822,-117.229979
B13-8159,2013,32.78439,-117.2155
B13-8160,2013,32.787206,-117.208679
B13-8163,2013,32.79459,-117.219968
B13-8169,2013,32.931654,-117.252323
B13-8176,2013,32.933565,-117.256651
B13-8179,2013,32.966012,-117.252438
B13-8180,2013,32.96648,-117.25787
B13-8187,2013,32.970836,-117.258183
B13-8188,2013,33.016161,-117.280711
B13-8189,2013,33.012243,-117.274567
B13-8200,2013,33.08508,-117.309712
B13-8202,2013,33.08822,-117.29156
B13-8205,2013,33.088855,-117.295636
B13-8218,2013,33.13922,-117.33775
B13-8219,2013,33.13944,-117.31866
B13-8222,2013,33.14016,-117.32504
B13-8233,2013,33.204847,-117.390753
B13-8236,2013,33.206926,-117.393511
B13-8239,2013,33.207645,-117.397416
B13-8248,2013,33.2318,-117.41337
B13-8250,2013,33.232096,-117.412437
B13-8253,2013,33.233208,-117.413185
B13-8259,2013,33.45894,-117.697734
B13-8263,2013,33.460713,-117.705564
B13-8265,2013,33.460921,-117.702298
B13-8267,2013,33.461948,-117.702047
B13-8269,2013,33.600669,-117.895024
B13-8273,2013,33.6094,-117.90476
B13-8274,2013,33.614153,-117.914296
B13-8275,2013,33.615205,-117.89425
B13-8279,2013,33.617018,-117.904983
B13-8280,2013,33.61891,-117.92728
B13-8285,2013,33.63332,-117.88772
B13-8286,2013,33.635665,-117.956096
B13-8287,2013,33.63664,-117.95407
B13-8290,2013,33.64585,-117.88894
B13-8291,2013,33.646548,-117.886781
B13-8292,2013,33.64682,-117.88411
B13-8295,2013,33.686496,-118.03631
B13-8298,2013,33.697397,-118.040563
B13-8301,2013,33.710285,-118.059572
B13-8302,2013,33.71205,-118.25789
B13-8304,2013,33.71351,-118.24162
B13-8306,2013,33.714643,-118.28328
B13-8308,2013,33.71712,-118.243747
B13-8310,2013,33.717783,-118.233066
B13-8315,2013,33.723776,-118.152675
B13-8316,2013,33.72387,-118.26265
B13-8318,2013,33.72421,-118.22423
B13-8319,2013,33.725599,-118.137381
B13-8321,2013,33.72697,-118.070162
B13-8322,2013,33.727575,-118.212945
B13-8325,2013,33.72857,-118.15722
B13-8326,2013,33.7291,-118.2338
B13-8328,2013,33.730877,-118.081677
B13-8333,2013,33.73118,-118.19192
B13-8338,2013,33.735102,-118.091546
B13-8340,2013,33.735428,-118.27672
B13-8346,2013,33.738889,-118.144527
B13-8347,2013,33.73893,-118.21017
B13-8349,2013,33.739017,-118.236282
B13-8350,2013,33.73992,-118.17122
B13-8351,2013,33.740201,-118.159117
B13-8353,2013,33.74202,-118.11713
B13-8355,2013,33.74233,-118.15301
B13-8356,2013,33.743239,-118.204496
B13-8358,2013,33.7442,-118.16867
B13-8360,2013,33.74555,-118.21575
B13-8363,2013,33.747344,-118.221345
B13-8365,2013,33.747636,-118.198273
B13-8367,2013,33.74828,-118.24878
B13-8371,2013,33.75085,-118.23051
B13-8372,2013,33.75123,-118.118655
B13-8374,2013,33.75274,-118.21773
B13-8375,2013,33.75284,-118.177488
B13-8378,2013,33.75299,-118.10511
B13-8382,2013,33.755265,-118.230067
B13-8383,2013,33.75536,-118.12987
B13-8384,2013,33.756633,-118.277038
B13-8388,2013,33.75964,-118.16271
B13-8389,2013,33.760089,-118.126107
B13-8390,2013,33.761013,-118.202111
B13-8391,2013,33.762562,-118.204966
B13-8394,2013,33.76578,-118.10355
B13-8396,2013,33.76623,-118.27732
B13-8397,2013,33.7668,-118.24909
B13-8399,2013,33.768539,-118.222031
B13-8401,2013,33.771272,-118.211926
B13-8403,2013,33.78073,-118.20585
B13-8419,2013,34.100784,-119.08739
B13-8421,2013,34.112698,-119.08406
B13-8425,2013,34.1712,-119.2235
B13-8426,2013,34.172974,-119.223456
B13-8430,2013,34.244207,-119.264876
B13-8431,2013,34.404375,-119.689031
B13-9001,2013,32.516815,-117.308311
B13-9002,2013,32.521797,-117.354969
B13-9005,2013,32.537609,-117.155113
B13-9006,2013,32.549235,-117.140774
B13-9007,2013,32.55081,-117.19931
B13-9008,2013,32.5511,-117.149856
B13-9009,2013,32.553781,-117.411369
B13-9011,2013,32.58567,-117.3411
B13-9012,2013,32.58938,-117.26361
B13-9013,2013,32.5977,-117.35125
B13-9014,2013,32.598426,-117.328759
B13-9019,2013,32.643433,-117.42767
B13-9021,2013,32.660019,-117.411757
B13-9022,2013,32.66081,-117.389446
B13-9023,2013,32.670064,-117.420914
B13-9025,2013,32.672841,-117.299201
B13-9026,2013,32.69385,-117.39582
B13-9028,2013,32.695249,-117.366841
B13-9030,2013,32.700984,-117.440104
B13-9033,2013,32.737425,-117.408402
B13-9034,2013,32.740758,-117.314802
B13-9035,2013,32.74149,-117.42695
B13-9036,2013,32.759435,-117.422117
B13-9037,2013,32.76383,-117.319844
B13-9040,2013,32.781347,-117.2693
B13-9041,2013,32.787272,-117.554789
B13-9047,2013,32.81524,-117.452464
B13-9049,2013,32.820018,-117.339304
B13-9051,2013,32.821595,-117.368521
B13-9052,2013,32.823742,-117.341211
B13-9053,2013,32.82544,-117.36599
B13-9055,2013,32.829116,-117.377897
B13-9056,2013,32.831489,-117.359136
B13-9057,2013,32.85096,-117.41068
B13-9059,2013,32.859233,-117.266702
B13-9060,2013,32.862523,-117.447616
B13-9068,2013,32.883938,-117.283192
B13-9069,2013,32.888774,-117.537605
B13-9071,2013,32.902393,-117.505232
B13-9073,2013,32.910149,-117.297734
B13-9074,2013,32.910206,-117.312175
B13-9076,2013,32.916035,-117.363635
B13-9080,2013,32.924823,-117.265732
B13-9084,2013,32.9318,-117.39483
B13-9085,2013,32.932525,-117.534582
B13-9087,2013,33.002986,-117.298133
B13-9091,2013,33.018232,-117.340525
B13-9092,2013,33.026858,-117.336662
B13-9093,2013,33.03242,-117.66924
B13-9094,2013,33.033836,-117.317262
B13-9095,2013,33.038935,-117.502569
B13-9099,2013,33.063658,-117.490411
B13-9100,2013,33.066573,-117.367481
B13-9104,2013,33.083433,-117.342651
B13-9105,2013,33.08807,-117.35098
B13-9106,2013,33.091107,-117.432828
B13-9107,2013,33.09375,-117.41715
B13-9109,2013,33.10199,-117.63092
B13-9111,2013,33.10513,-117.36191
B13-9121,2013,33.175658,-117.381491
B13-9122,2013,33.1878,-117.495309
B13-9125,2013,33.22069,-117.51202
B13-9129,2013,33.26553,-117.53393
B13-9130,2013,33.268822,-117.539421
B13-9131,2013,33.26991,-117.56485
B13-9132,2013,33.27417,-118.08588
B13-9133,2013,33.3175,-118.16009
B13-9135,2013,33.352721,-117.563489
B13-9137,2013,33.369648,-117.689861
B13-9148,2013,33.46387,-118.39468
B13-9149,2013,33.46418,-117.91914
B13-9150,2013,33.46444,-117.76246
B13-9151,2013,33.464666,-118.066325
B13-9152,2013,33.474269,-117.736624
B13-9155,2013,33.48685,-118.42354
B13-9159,2013,33.500564,-117.753666
B13-9160,2013,33.503661,-117.915855
B13-9161,2013,33.505059,-117.773131
B13-9163,2013,33.507918,-117.814132
B13-9166,2013,33.51182,-117.77133
B13-9168,2013,33.514143,-117.779428
B13-9170,2013,33.515501,-118.076795
B13-9171,2013,33.5214,-117.7698
B13-9173,2013,33.524555,-117.795335
B13-9174,2013,33.53686,-117.84848
B13-9176,2013,33.547898,-117.85292
B13-9177,2013,33.548311,-117.82495
B13-9178,2013,33.553644,-117.92891
B13-9179,2013,33.55625,-118.02254
B13-9185,2013,33.564688,-118.01844
B13-9186,2013,33.565397,-117.847047
B13-9187,2013,33.568224,-117.856585
B13-9190,2013,33.57929,-118.32888
B13-9192,2013,33.580857,-117.86846
B13-9193,2013,33.584265,-118.113161
B13-9194,2013,33.589758,-117.894685
B13-9197,2013,33.600079,-117.932925
B13-9199,2013,33.60185,-118.05647
B13-9200,2013,33.60346,-118.09545
B13-9201,2013,33.6132,-118.71975
B13-9202,2013,33.62105,-118.19507
B13-9204,2013,33.6278,-117.9872
B13-9205,2013,33.630835,-118.26736
B13-9207,2013,33.63784,-118.30275
B13-9210,2013,33.639056,-118.342449
B13-9211,2013,33.640255,-118.337346
B13-9214,2013,33.643,-118.07835
B13-9217,2013,33.648,-118.1495
B13-9219,2013,33.654498,-118.058379
B13-9221,2013,33.65956,-118.13065
B13-9223,2013,33.675873,-118.332471
B13-9225,2013,33.686911,-118.521006
B13-9228,2013,33.69409,-118.34651
B13-9229,2013,33.69541,-118.29616
B13-9231,2013,33.698055,-118.432698
B13-9235,2013,33.703352,-118.397495
B13-9236,2013,33.711206,-118.458721
B13-9237,2013,33.721411,-118.417921
B13-9239,2013,33.722658,-118.155259
B13-9241,2013,33.725646,-118.456059
B13-9245,2013,33.733,-118.1215
B13-9246,2013,33.736393,-118.527958
B13-9250,2013,33.7602,-118.540967
B13-9251,2013,33.76682,-118.46048
B13-9265,2013,33.85259,-119.19421
B13-9274,2013,33.91281,-119.9476
B13-9284,2013,33.93408,-118.89655
B13-9290,2013,33.940899,-118.845304
B13-9295,2013,33.950008,-118.837345
B13-9304,2013,33.96516,-119.8526
B13-9307,2013,33.968589,-119.070124
B13-9309,2013,33.97742,-118.876393
B13-9314,2013,33.991549,-118.857031
B13-9315,2013,33.99461,-120.33736
B13-9320,2013,33.999172,-118.868867
B13-9321,2013,34.000422,-118.815077
B13-9323,2013,34.001255,-118.824445
B13-9324,2013,34.002434,-118.917967
B13-9329,2013,34.01145,-120.4746
B13-9338,2013,34.021391,-119.22639
B13-9339,2013,34.022047,-118.867355
B13-9343,2013,34.03101,-119.4229
B13-9345,2013,34.03417,-119.3516
B13-9346,2013,34.03663,-118.91685
B13-9347,2013,34.039827,-119.234594
B13-9348,2013,34.04114,-119.19721
B13-9349,2013,34.042433,-119.085988
B13-9350,2013,34.04406,-119.05558
B13-9351,2013,34.04548,-120.4901
B13-9354,2013,34.050849,-119.215754
B13-9356,2013,34.053794,-119.148966
B13-9357,2013,34.0587,-119.4967
B13-9359,2013,34.0666,-119.1344
B13-9360,2013,34.06661,-119.5889
B13-9363,2013,34.0754,-119.74853
B13-9365,2013,34.07876,-119.51005
B13-9366,2013,34.07896,-119.70119
B13-9369,2013,34.083034,-119.0949
B13-9371,2013,34.090839,-119.23898
B13-9372,2013,34.10112,-119.15082
B13-9373,2013,34.10163,-120.14239
B13-9375,2013,34.11039,-119.2216
B13-9376,2013,34.113,-120.02598
B13-9377,2013,34.113712,-119.180458
B13-9378,2013,34.1156,-119.93616
B13-9379,2013,34.11821,-119.62891
B13-9380,2013,34.12281,-119.33129
B13-9383,2013,34.12507,-119.19268
B13-9387,2013,34.14379,-120.17822
B13-9388,2013,34.14562,-119.77009
B13-9391,2013,34.15836,-119.82763
B13-9394,2013,34.168699,-119.541697
B13-9395,2013,34.16886,-119.46023
B13-9396,2013,34.171238,-119.876761
B13-9397,2013,34.17867,-119.34686
B13-9398,2013,34.17889,-119.612044
B13-9399,2013,34.182353,-120.407324
B13-9400,2013,34.18317,-120.35129
B13-9403,2013,34.20641,-119.632707
B13-9407,2013,34.216258,-119.605949
B13-9409,2013,34.218317,-119.295039
B13-9413,2013,34.22414,-119.60633
B13-9414,2013,34.225077,-119.731981
B13-9415,2013,34.227484,-119.697116
B13-9416,2013,34.23016,-119.68744
B13-9417,2013,34.23279,-119.70681
B13-9419,2013,34.240059,-119.669104
B13-9421,2013,34.244405,-119.37034
B13-9424,2013,34.254866,-119.476489
B13-9426,2013,34.258585,-119.8104
B13-9427,2013,34.260016,-120.281134
B13-9428,2013,34.26112,-119.76734
B13-9431,2013,34.27751,-119.65789
B13-9432,2013,34.27781,-119.71827
B13-9433,2013,34.278317,-119.583145
B13-9434,2013,34.28399,-119.35491
B13-9435,2013,34.284559,-120.423706
B13-9436,2013,34.28711,-120.45557
B13-9440,2013,34.30784,-119.71267
B13-9443,2013,34.31445,-120.28235
B13-9444,2013,34.319879,-119.751125
B13-9447,2013,34.342466,-119.457997
B13-9448,2013,34.343842,-119.77376
B13-9449,2013,34.34408,-119.56258
B13-9450,2013,34.34424,-120.36861
B13-9454,2013,34.359302,-119.849501
B13-9455,2013,34.360504,-119.891456
B13-9456,2013,34.360839,-119.849221
B13-9457,2013,34.36268,-120.01034
B13-9458,2013,34.36812,-119.540117
B13-9459,2013,34.368389,-120.113018
B13-9464,2013,34.39469,-120.33147
B13-9465,2013,34.39505,-119.858616
B13-9466,2013,34.39548,-119.66218
B13-9467,2013,34.39839,-119.86476
B13-9468,2013,34.39975,-119.874813
B13-9470,2013,34.401,-119.8328
B13-9474,2013,34.406366,-120.417314
B13-9476,2013,34.420032,-120.269188
B13-9481,2013,34.44262,-120.427592
B13-9482,2013,34.443088,-120.285164
B13-9484,2013,34.459108,-120.31709
B13-9487,2013,34.464703,-120.179707
B13-8300,2013,33.707024,-118.055974
B13-8309,2013,33.717197,-118.267725
B13-8369,2013,33.749367,-118.111201
B13-8395,2013,33.766042,-118.107265
B13-9017,2013,32.62985,-117.249261
B13-9029,2013,32.698351,-117.487433
B13-9045,2013,32.80287,-117.268062
B13-9140,2013,33.41845,-118.02251
B13-9167,2013,33.51348,-118.17863
B13-9332,2013,34.013704,-119.094547
B13-9404,2013,34.20677,-119.56748
B13-9420,2013,34.243638,-119.639441
B13-9488,2013,34.467422,-120.216859
