<?xml version="1.0" encoding="UTF-8"?>
<metadata xml:lang="en"><Esri><CreaDate>20180831</CreaDate><CreaTime>12520100</CreaTime><SyncOnce>FALSE</SyncOnce><SyncDate>20140616</SyncDate><SyncTime>16442300</SyncTime><ModDate>20140616</ModDate><ModTime>16442300</ModTime><DataProperties><lineage><Process ToolSource="C:\Program Files\ArcGIS\ArcToolbox\Toolboxes\Data Management Tools.tbx\CopyFeatures" Date="20080506" Time="132451" Name="" export="">CopyFeatures \\Demersal\data\Ritter\Bight08\For_Bight08draw\Shapefiles_for_sample_draw\Bight08_allstrata.shp C:\GISData\Bight08\Bight08.mdb\Bight08_allstrata # 0 0 0</Process><Process ToolSource="C:\Program Files (x86)\ArcGIS\Desktop10.0\ArcToolbox\Toolboxes\Data Management Tools.tbx\CalculateField" Date="20110719" Time="155502" Name="" export="">CalculateField Bight08_allstrata DepthRange "6-200m" VB #</Process><Process ToolSource="c:\program files (x86)\arcgis\desktop10.0\ArcToolbox\Toolboxes\Data Management Tools.tbx\RepairGeometry" Date="20111026" Time="110934" Name="" export="">RepairGeometry Bight08_allstrata KEEP_NULL</Process><Process ToolSource="c:\program files (x86)\arcgis\desktop10.0\ArcToolbox\Toolboxes\Data Management Tools.tbx\RepairGeometry" Date="20111026" Time="111007" Name="" export="">RepairGeometry Bight08_allstrata KEEP_NULL</Process><Process ToolSource="c:\program files (x86)\arcgis\desktop10.1\ArcToolbox\Toolboxes\Data Management Tools.tbx\Integrate" Date="20130104" Time="160825" Name="" export="">Integrate "Bight_strata_cleaned #" "5 Meters"</Process><Process ToolSource="c:\program files (x86)\arcgis\desktop10.1\ArcToolbox\Toolboxes\Data Management Tools.tbx\Integrate" Date="20130104" Time="160903" Name="" export="">Integrate "Bight_strata_cleaned #" "40 Meters"</Process><Process ToolSource="c:\program files (x86)\arcgis\desktop10.1\ArcToolbox\Toolboxes\Analysis Tools.tbx\Erase" Date="20130115" Time="144155" Name="" export="">Erase Bight13_Strata MPA_Mainland_Bight_Clip C:\Users\beckyS\Documents\GISData\Bight13\Bight13.mdb\Bight13_Strata_MPA #</Process><Process ToolSource="c:\program files (x86)\arcgis\desktop10.1\ArcToolbox\Toolboxes\Data Management Tools.tbx\Merge" Date="20130115" Time="145117" Name="" export="">Merge Bight13_Strata_MPA;MPA_Mainland_Bight_Clip C:\Users\beckyS\Documents\GISData\Bight13\Bight13.mdb\Bight13_Strata_MPA_merge "OBJECTID "OBJECTID" true true false 4 Long 0 0 ,First,#,Bight13_Strata_MPA,OBJECTID,-1,-1;StratumB08 "StratumB08" true true false 30 Text 0 0 ,First,#,Bight13_Strata_MPA,StratumB08,-1,-1;Region "Region" true true false 30 Text 0 0 ,First,#,Bight13_Strata_MPA,Region,-1,-1;area_sqkm "area_sqkm" true true false 8 Double 0 0 ,First,#,Bight13_Strata_MPA,area_sqkm,-1,-1;DepthRange "DepthRange" true true false 10 Text 0 0 ,First,#,Bight13_Strata_MPA,DepthRange,-1,-1;Shape_Length "Shape_Length" false true true 8 Double 0 0 ,First,#,Bight13_Strata_MPA,Shape_Length,-1,-1,MPA_Mainland_Bight_Clip,Shape_Length,-1,-1;Shape_Area "Shape_Area" false true true 8 Double 0 0 ,First,#,Bight13_Strata_MPA,Shape_Area,-1,-1,MPA_Mainland_Bight_Clip,Shape_Area,-1,-1;Name "Name" true true false 100 Text 0 0 ,First,#,MPA_Mainland_Bight_Clip,Name,-1,-1;Designatio "Designatio" true true false 25 Text 0 0 ,First,#,MPA_Mainland_Bight_Clip,Designatio,-1,-1;Label "Label" true true false 100 Text 0 0 ,First,#,MPA_Mainland_Bight_Clip,Label,-1,-1;MaxDepth "MaxDepth" true true false 8 Double 0 0 ,First,#,MPA_Mainland_Bight_Clip,MaxDepth,-1,-1;MinDepth "MinDepth" true true false 8 Double 0 0 ,First,#,MPA_Mainland_Bight_Clip,MinDepth,-1,-1;MeanDepth "MeanDepth" true true false 8 Double 0 0 ,First,#,MPA_Mainland_Bight_Clip,MeanDepth,-1,-1"</Process><Process ToolSource="c:\program files (x86)\arcgis\desktop10.1\ArcToolbox\Toolboxes\Data Management Tools.tbx\CalculateField" Date="20130115" Time="145144" Name="" export="">CalculateField Bight13_Strata_MPA_merge StratumB08 "MPA" PYTHON_9.3 #</Process><Process ToolSource="c:\program files (x86)\arcgis\desktop10.1\ArcToolbox\Toolboxes\Data Management Tools.tbx\CalculateField" Date="20130115" Time="145200" Name="" export="">CalculateField Bight13_Strata_MPA_merge Region !Name! PYTHON_9.3 #</Process><Process ToolSource="c:\program files (x86)\arcgis\desktop10.1\ArcToolbox\Toolboxes\Data Management Tools.tbx\CalculateField" Date="20130115" Time="145357" Name="" export="">CalculateField Bight13_Strata_MPA_merge MPA_Name !Name! PYTHON_9.3 #</Process><Process ToolSource="c:\program files (x86)\arcgis\desktop10.1\ArcToolbox\Toolboxes\Data Management Tools.tbx\CalculateField" Date="20130115" Time="145455" Name="" export="">CalculateField Bight13_Strata_MPA_merge MPA_Type !Designatio! PYTHON_9.3 #</Process><Process ToolSource="c:\program files (x86)\arcgis\desktop10.1\ArcToolbox\Toolboxes\Data Management Tools.tbx\CalculateField" Date="20130115" Time="145559" Name="" export="">CalculateField Bight13_Strata_MPA_merge MPA_Label !Label! PYTHON_9.3 #</Process><Process ToolSource="c:\program files (x86)\arcgis\desktop10.1\ArcToolbox\Toolboxes\Data Management Tools.tbx\CalculateField" Date="20130115" Time="150254" Name="" export="">CalculateField Bight13_Strata_MPA_merge Stratum !StratumB08! PYTHON_9.3 #</Process><Process ToolSource="c:\program files (x86)\arcgis\desktop10.1\ArcToolbox\Toolboxes\Analysis Tools.tbx\Erase" Date="20130115" Time="155444" Name="" export="">Erase Bight13_Strata_MPA_merge Canyons_less_than_10deg_slope C:\Users\beckyS\Documents\GISData\Bight13\Bight13.mdb\Bight13_Strata_MPA_CanyonBottoms #</Process><Process ToolSource="c:\program files (x86)\arcgis\desktop10.1\ArcToolbox\Toolboxes\Data Management Tools.tbx\Merge" Date="20130115" Time="160102" Name="" export="">Merge Bight13_Strata_MPA_CanyonBottoms;Canyons_less_than_10deg_slope C:\Users\beckyS\Documents\GISData\Bight13\Bight13.mdb\Bight13_Strata_MPA_CanyonBottoms_Merge "Region "Region" true true false 30 Text 0 0 ,First,#,Bight13_Strata_MPA_CanyonBottoms,Region,-1,-1;area_sqkm "area_sqkm" true true false 8 Double 0 0 ,First,#,Bight13_Strata_MPA_CanyonBottoms,area_sqkm,-1,-1;DepthRange "DepthRange" true true false 10 Text 0 0 ,First,#,Bight13_Strata_MPA_CanyonBottoms,DepthRange,-1,-1;MPA_Name "MPA_Name" true true false 30 Text 0 0 ,First,#,Bight13_Strata_MPA_CanyonBottoms,MPA_Name,-1,-1;MPA_Type "MPA_Type" true true false 15 Text 0 0 ,First,#,Bight13_Strata_MPA_CanyonBottoms,MPA_Type,-1,-1;MPA_Label "MPA_Label" true true false 50 Text 0 0 ,First,#,Bight13_Strata_MPA_CanyonBottoms,MPA_Label,-1,-1;Stratum "Stratum" true true false 25 Text 0 0 ,First,#,Bight13_Strata_MPA_CanyonBottoms,Stratum,-1,-1;Name "Name" true true false 50 Text 0 0 ,First,#,Canyons_less_than_10deg_slope,Name,-1,-1"</Process><Process ToolSource="c:\program files (x86)\arcgis\desktop10.1\ArcToolbox\Toolboxes\Data Management Tools.tbx\CalculateField" Date="20130115" Time="160128" Name="" export="">CalculateField Bight13_Strata_MPA_CanyonBottoms_Merge Region !Name! PYTHON_9.3 #</Process><Process ToolSource="c:\program files (x86)\arcgis\desktop10.1\ArcToolbox\Toolboxes\Data Management Tools.tbx\CalculateField" Date="20130115" Time="160155" Name="" export="">CalculateField Bight13_Strata_MPA_CanyonBottoms_Merge Stratum "Canyon_Bottom" PYTHON_9.3 #</Process><Process ToolSource="c:\program files (x86)\arcgis\desktop10.1\ArcToolbox\Toolboxes\Data Management Tools.tbx\CalculateField" Date="20130115" Time="160211" Name="" export="">CalculateField Bight13_Strata_MPA_CanyonBottoms_Merge Stratum "Canyon Bottom" PYTHON_9.3 #</Process><Process ToolSource="c:\program files (x86)\arcgis\desktop10.1\ArcToolbox\Toolboxes\Data Management Tools.tbx\CalculateField" Date="20130131" Time="151435" Name="" export="">CalculateField Bight13_Strata_MPA_CanyonBottoms_depth mdcaty1 "NA" PYTHON_9.3 #</Process><Process ToolSource="c:\program files (x86)\arcgis\desktop10.1\ArcToolbox\Toolboxes\Data Management Tools.tbx\CalculateField" Date="20130131" Time="152042" Name="" export="">CalculateField Bight13_Strata_MPA_CanyonBottoms_depth mdcaty2 "CB_under_200m" PYTHON_9.3 #</Process><Process ToolSource="c:\program files (x86)\arcgis\desktop10.1\ArcToolbox\Toolboxes\Data Management Tools.tbx\CalculateField" Date="20130131" Time="152130" Name="" export="">CalculateField Bight13_Strata_MPA_CanyonBottoms_depth mdcaty2 "CB_200m_500m" PYTHON_9.3 #</Process><Process ToolSource="c:\program files (x86)\arcgis\desktop10.1\ArcToolbox\Toolboxes\Data Management Tools.tbx\CalculateField" Date="20130131" Time="152204" Name="" export="">CalculateField Bight13_Strata_MPA_CanyonBottoms_depth mdcaty2 "CB_500m_1000m" PYTHON_9.3 #</Process><Process ToolSource="c:\program files (x86)\arcgis\desktop10.1\ArcToolbox\Toolboxes\Data Management Tools.tbx\CalculateField" Date="20130131" Time="152223" Name="" export="">CalculateField Bight13_Strata_MPA_CanyonBottoms_depth mdcaty2 "NA" PYTHON_9.3 #</Process><Process ToolSource="c:\program files (x86)\arcgis\desktop10.1\ArcToolbox\Toolboxes\Data Management Tools.tbx\CalculateField" Date="20130201" Time="115116" Name="" export="">CalculateField Bight13_Strata_MPA_CanyonBottoms_depth Cyn_Name !Region! PYTHON_9.3 #</Process><Process ToolSource="c:\program files (x86)\arcgis\desktop10.1\ArcToolbox\Toolboxes\Data Management Tools.tbx\CalculateField" Date="20130201" Time="115134" Name="" export="">CalculateField Bight13_Strata_MPA_CanyonBottoms_depth Cyn_Name "NA" PYTHON_9.3 #</Process><Process ToolSource="c:\program files (x86)\arcgis\desktop10.1\ArcToolbox\Toolboxes\Data Management Tools.tbx\CalculateField" Date="20130204" Time="130534" Name="" export="">CalculateField Bight13_Strata_MPA_CanyonBottoms_depth mdcaty3 !Cyn_Name! PYTHON_9.3 #</Process><Process ToolSource="c:\program files (x86)\arcgis\desktop10.1\ArcToolbox\Toolboxes\Data Management Tools.tbx\CalculateField" Date="20130204" Time="130611" Name="" export="">CalculateField Bight13_Strata_MPA_CanyonBottoms_depth mdcaty3 "None" PYTHON_9.3 #</Process><Process ToolSource="c:\program files (x86)\arcgis\desktop10.1\ArcToolbox\Toolboxes\Data Management Tools.tbx\CalculateField" Date="20130204" Time="130623" Name="" export="">CalculateField Bight13_Strata_MPA_CanyonBottoms_depth mdcaty2 "None" PYTHON_9.3 #</Process><Process ToolSource="c:\program files (x86)\arcgis\desktop10.1\ArcToolbox\Toolboxes\Data Management Tools.tbx\CalculateField" Date="20130204" Time="130647" Name="" export="">CalculateField Bight13_Strata_MPA_CanyonBottoms_depth mdcaty1 "None" PYTHON_9.3 #</Process><Process ToolSource="c:\program files (x86)\arcgis\desktop10.1\ArcToolbox\Toolboxes\Data Management Tools.tbx\CalculateField" Date="20130204" Time="131207" Name="" export="">CalculateField Bight13_Strata_MPA_CanyonBottoms_depth mdcaty4 "!mdcaty1! + !mdcaty2!" PYTHON_9.3 #</Process><Process ToolSource="c:\program files (x86)\arcgis\desktop10.1\ArcToolbox\Toolboxes\Data Management Tools.tbx\CalculateField" Date="20130204" Time="131232" Name="" export="">CalculateField Bight13_Strata_MPA_CanyonBottoms_depth mdcaty4 "!mdcaty1! +"_"+ !mdcaty2!" PYTHON_9.3 #</Process><Process ToolSource="c:\program files (x86)\arcgis\desktop10.1\ArcToolbox\Toolboxes\Data Management Tools.tbx\CalculateField" Date="20130204" Time="131257" Name="" export="">CalculateField Bight13_Strata_MPA_CanyonBottoms_depth mdcaty5 "!mdcaty1! +"_"+ !mdcaty3!" PYTHON_9.3 #</Process><Process ToolSource="c:\program files (x86)\arcgis\desktop10.1\ArcToolbox\Toolboxes\Data Management Tools.tbx\CopyFeatures" Date="20130313" Time="094644" Name="" export="">CopyFeatures N:\Data\Bight13\For_Draw\AA_Current_Shapefiles\MPAs_Offshore.shp C:\Users\beckyS\Documents\GISData\Bight13\Bight13_Current.mdb\Strata\MPAs_Offshore # 0 0 0</Process></lineage><itemProps><itemLocation><linkage Sync="TRUE">file://\\BECKYS\C$\Users\beckyS\Documents\GISData\Bight13\Bight13_Final.mdb</linkage><protocol Sync="TRUE">Local Area Network</protocol></itemLocation><itemName Sync="TRUE">Bight13_MPAs_Offshore</itemName><imsContentType Sync="TRUE">002</imsContentType><nativeExtBox><westBL Sync="TRUE">182769.048300</westBL><eastBL Sync="TRUE">488069.571900</eastBL><southBL Sync="TRUE">3599568.109900</southBL><northBL Sync="TRUE">3818896.273700</northBL><exTypeCode Sync="TRUE">1</exTypeCode></nativeExtBox></itemProps><coordRef><type Sync="TRUE">Projected</type><geogcsn Sync="TRUE">GCS_North_American_1983</geogcsn><csUnits Sync="TRUE">Linear Unit: Meter (1.000000)</csUnits><projcsn Sync="TRUE">NAD_1983_UTM_Zone_11N</projcsn><peXml Sync="TRUE">&lt;ProjectedCoordinateSystem xsi:type='typens:ProjectedCoordinateSystem' xmlns:xsi='http://www.w3.org/2001/XMLSchema-instance' xmlns:xs='http://www.w3.org/2001/XMLSchema' xmlns:typens='http://www.esri.com/schemas/ArcGIS/10.1'&gt;&lt;WKT&gt;PROJCS[&amp;quot;NAD_1983_UTM_Zone_11N&amp;quot;,GEOGCS[&amp;quot;GCS_North_American_1983&amp;quot;,DATUM[&amp;quot;D_North_American_1983&amp;quot;,SPHEROID[&amp;quot;GRS_1980&amp;quot;,6378137.0,298.257222101]],PRIMEM[&amp;quot;Greenwich&amp;quot;,0.0],UNIT[&amp;quot;Degree&amp;quot;,0.0174532925199433]],PROJECTION[&amp;quot;Transverse_Mercator&amp;quot;],PARAMETER[&amp;quot;False_Easting&amp;quot;,500000.0],PARAMETER[&amp;quot;False_Northing&amp;quot;,0.0],PARAMETER[&amp;quot;Central_Meridian&amp;quot;,-117.0],PARAMETER[&amp;quot;Scale_Factor&amp;quot;,0.9996],PARAMETER[&amp;quot;Latitude_Of_Origin&amp;quot;,0.0],UNIT[&amp;quot;Meter&amp;quot;,1.0],AUTHORITY[&amp;quot;EPSG&amp;quot;,26911]]&lt;/WKT&gt;&lt;XOrigin&gt;-5120900&lt;/XOrigin&gt;&lt;YOrigin&gt;-9998100&lt;/YOrigin&gt;&lt;XYScale&gt;10000&lt;/XYScale&gt;&lt;ZOrigin&gt;-100000&lt;/ZOrigin&gt;&lt;ZScale&gt;10000&lt;/ZScale&gt;&lt;MOrigin&gt;-100000&lt;/MOrigin&gt;&lt;MScale&gt;10000&lt;/MScale&gt;&lt;XYTolerance&gt;0.001&lt;/XYTolerance&gt;&lt;ZTolerance&gt;0.001&lt;/ZTolerance&gt;&lt;MTolerance&gt;0.001&lt;/MTolerance&gt;&lt;HighPrecision&gt;true&lt;/HighPrecision&gt;&lt;WKID&gt;26911&lt;/WKID&gt;&lt;LatestWKID&gt;26911&lt;/LatestWKID&gt;&lt;/ProjectedCoordinateSystem&gt;</peXml></coordRef><copyHistory><copy source="M:\Bight_13\For_Draw\MPAs_Offshore" dest="\\DEMERSAL\Maps\Data\Bight13\For_Draw\Current_Shapefiles\MPAs_Offshore" date="20130227" time="12220100"/></copyHistory></DataProperties><ArcGISFormat>1.0</ArcGISFormat><scaleRange><minScale>150000000</minScale><maxScale>5000</maxScale></scaleRange><ArcGISProfile>ItemDescription</ArcGISProfile></Esri><idinfo><native Sync="TRUE">Microsoft Windows XP Version 5.1 (Build 2600) Service Pack 2; ESRI ArcCatalog 9.3.1.3000</native><descript><langdata Sync="TRUE">en</langdata><abstract>The MPA stratum was created by overlaying the Federal MPA layer on the offshore Bight '13 Base strata polygons and clipping the edges to match the 6m depth minimum. </abstract><purpose>The MPA stratum contains 25 polygons representing the offshore Marine Protected Areas that overlap the Bight '13 Survey strata. This is a new stratum for Bight '13.</purpose></descript><citation><citeinfo><origin>REQUIRED: The name of an organization or individual that developed the data set.</origin><pubdate>REQUIRED: The date when the data set is published or otherwise made available for release.</pubdate><title Sync="TRUE">MPAs_Offshore</title><ftname Sync="TRUE">Bight08_allstrata</ftname><geoform Sync="TRUE">vector digital data</geoform><onlink Sync="TRUE">\\BECKY\C$\GISData\Bight08\Bight08.mdb</onlink></citeinfo></citation><timeperd><current>publication date</current><timeinfo><sngdate><caldate>2008</caldate></sngdate></timeinfo></timeperd><status><progress>Complete</progress><update>None planned</update></status><spdom><bounding><westbc Sync="TRUE">-120.639863</westbc><eastbc Sync="TRUE">-117.082613</eastbc><northbc Sync="TRUE">34.513202</northbc><southbc Sync="TRUE">32.457211</southbc></bounding><lboundng><leftbc Sync="TRUE">165603.740300</leftbc><rightbc Sync="TRUE">492240.054900</rightbc><bottombc Sync="TRUE">3596690.946200</bottombc><topbc Sync="TRUE">3819064.440100</topbc></lboundng></spdom><keywords><theme><themekt>REQUIRED: Reference to a formally registered thesaurus or a similar authoritative source of theme keywords.</themekt><themekey>Bight 08</themekey><themekey>Strata polygons</themekey></theme></keywords><accconst>REQUIRED: Restrictions and legal prerequisites for accessing the data set.</accconst><useconst>REQUIRED: Restrictions and legal prerequisites for using the data set after access is granted.</useconst><natvform Sync="TRUE">Personal GeoDatabase Feature Class</natvform><ptcontac><cntinfo><cntperp><cntper>Becky Schaffner</cntper><cntorg>SCCWRP</cntorg></cntperp><cntpos>GIS Specialist</cntpos><cntvoice>714-755-3243</cntvoice><cntemail>beckys@sccwrp.org</cntemail></cntinfo></ptcontac></idinfo><dataIdInfo><envirDesc Sync="TRUE">Microsoft Windows 7 Version 6.1 (Build 7601) Service Pack 1; Esri ArcGIS 10.1.1.3143</envirDesc><dataLang><languageCode Sync="TRUE" value="eng"/><countryCode value="USA" Sync="TRUE"/></dataLang><idCitation><resTitle Sync="TRUE">Bight13_MPAs_Offshore</resTitle><presForm><PresFormCd Sync="TRUE" value="005"/></presForm></idCitation><spatRpType><SpatRepTypCd Sync="TRUE" value="001"/></spatRpType><dataExt><geoEle><GeoBndBox esriExtentType="native"><westBL Sync="TRUE">165603.7403</westBL><eastBL Sync="TRUE">492240.0549</eastBL><northBL Sync="TRUE">3819064.4401</northBL><southBL Sync="TRUE">3596690.9462</southBL><exTypeCode Sync="TRUE">1</exTypeCode></GeoBndBox></geoEle></dataExt><geoBox esriExtentType="decdegrees"><westBL Sync="TRUE">-120.639863</westBL><eastBL Sync="TRUE">-117.082613</eastBL><northBL Sync="TRUE">34.513202</northBL><southBL Sync="TRUE">32.457211</southBL><exTypeCode Sync="TRUE">1</exTypeCode></geoBox><dataExt><geoEle xmlns=""><GeoBndBox esriExtentType="search"><exTypeCode Sync="TRUE">1</exTypeCode><westBL Sync="TRUE">-120.453265</westBL><eastBL Sync="TRUE">-117.127049</eastBL><northBL Sync="TRUE">34.511646</northBL><southBL Sync="TRUE">32.488145</southBL></GeoBndBox></geoEle></dataExt><idPurp>The MPA stratum contains 25 polygons representing the offshore Marine Protected Areas that overlap the Bight '13 Survey strata. This is a new stratum for Bight '13.</idPurp><idAbs>&lt;DIV STYLE="text-align:Left;"&gt;&lt;DIV&gt;&lt;P&gt;&lt;SPAN&gt;The MPA stratum was created by overlaying the Federal MPA layer on the offshore Bight '13 Base strata polygons and clipping the edges to match the 6m depth minimum. &lt;/SPAN&gt;&lt;/P&gt;&lt;/DIV&gt;&lt;/DIV&gt;</idAbs><searchKeys><keyword>Bight 13</keyword><keyword>Strata polygons</keyword></searchKeys></dataIdInfo><metainfo><langmeta Sync="TRUE">en</langmeta><metstdn Sync="TRUE">FGDC Content Standards for Digital Geospatial Metadata</metstdn><metstdv Sync="TRUE">FGDC-STD-001-1998</metstdv><mettc Sync="TRUE">local time</mettc><metc><cntinfo><cntorgp><cntper>REQUIRED: The person responsible for the metadata information.</cntper><cntorg>REQUIRED: The organization responsible for the metadata information.</cntorg></cntorgp><cntaddr><addrtype>REQUIRED: The mailing and/or physical address for the organization or individual.</addrtype><city>REQUIRED: The city of the address.</city><state>REQUIRED: The state or province of the address.</state><postal>REQUIRED: The ZIP or other postal code of the address.</postal></cntaddr><cntvoice>REQUIRED: The telephone number by which individuals can speak to the organization or individual.</cntvoice></cntinfo></metc><metd Sync="TRUE">20100503</metd></metainfo><mdLang><languageCode Sync="TRUE" value="eng"/><countryCode value="USA" Sync="TRUE"/></mdLang><mdStanName Sync="TRUE">ISO 19115 Geographic Information - Metadata</mdStanName><mdStanVer Sync="TRUE">DIS_ESRI1.0</mdStanVer><mdChar><CharSetCd Sync="TRUE" value="004"/></mdChar><mdHrLv><ScopeCd Sync="TRUE" value="005"/></mdHrLv><mdHrLvName Sync="TRUE">dataset</mdHrLvName><distinfo><resdesc Sync="TRUE">Downloadable Data</resdesc></distinfo><distInfo><distributor><distorTran><onLineSrc><orDesc Sync="TRUE">002</orDesc><linkage Sync="TRUE">file://\\BECKY\C$\GISData\Bight08\Bight08.mdb</linkage><protocol Sync="TRUE">Local Area Network</protocol></onLineSrc></distorTran><distorFormat><formatName Sync="TRUE">Personal GeoDatabase Feature Class</formatName></distorFormat></distributor><distFormat><formatName Sync="TRUE">Personal GeoDatabase Feature Class</formatName></distFormat></distInfo><spdoinfo><direct Sync="TRUE">Vector</direct><ptvctinf><esriterm Name="Bight13_MPAs_Offshore"><efeatyp Sync="TRUE">Simple</efeatyp><efeageom code="4" Sync="TRUE"></efeageom><esritopo Sync="TRUE">FALSE</esritopo><efeacnt Sync="TRUE">25</efeacnt><spindex Sync="TRUE">TRUE</spindex><linrefer Sync="TRUE">FALSE</linrefer></esriterm></ptvctinf></spdoinfo><spref><horizsys><cordsysn><geogcsn Sync="TRUE">GCS_North_American_1983</geogcsn><projcsn Sync="TRUE">NAD_1983_UTM_Zone_11N</projcsn></cordsysn><planar><planci><plance Sync="TRUE">coordinate pair</plance><plandu Sync="TRUE">meters</plandu><coordrep><absres Sync="TRUE">0.000100</absres><ordres Sync="TRUE">0.000100</ordres></coordrep></planci></planar><geodetic><horizdn Sync="TRUE">North American Datum of 1983</horizdn><ellips Sync="TRUE">Geodetic Reference System 80</ellips><semiaxis Sync="TRUE">6378137.000000</semiaxis><denflat Sync="TRUE">298.257222</denflat></geodetic></horizsys></spref><refSysInfo><RefSystem><refSysID><identCode Sync="TRUE" code="26911">NAD_1983_UTM_Zone_11N</identCode><idCodeSpace Sync="TRUE">EPSG</idCodeSpace><idVersion Sync="TRUE">7.11.2</idVersion></refSysID></RefSystem></refSysInfo><spatRepInfo><VectSpatRep><geometObjs Name="Bight13_MPAs_Offshore"><geoObjTyp><GeoObjTypCd value="002" Sync="TRUE"></GeoObjTypCd></geoObjTyp><geoObjCnt Sync="TRUE">25</geoObjCnt></geometObjs><topLvl><TopoLevCd value="001" Sync="TRUE"></TopoLevCd></topLvl></VectSpatRep></spatRepInfo><eainfo><detailed Name="Bight13_MPAs_Offshore"><enttyp><enttypl Sync="TRUE">Bight13_MPAs_Offshore</enttypl><enttypt Sync="TRUE">Feature Class</enttypt><enttypc Sync="TRUE">25</enttypc></enttyp><attr><attrlabl Sync="TRUE">OBJECTID_1</attrlabl><attalias Sync="TRUE">OBJECTID_1</attalias><attrtype Sync="TRUE">OID</attrtype><attwidth Sync="TRUE">4</attwidth><atprecis Sync="TRUE">0</atprecis><attscale Sync="TRUE">0</attscale><attrdef Sync="TRUE">Internal feature number.</attrdef><attrdefs Sync="TRUE">Esri</attrdefs><attrdomv><udom Sync="TRUE">Sequential unique whole numbers that are automatically generated.</udom></attrdomv></attr><attr><attrlabl Sync="TRUE">OBJECTID</attrlabl><attalias Sync="TRUE">OBJECTID</attalias><attrtype Sync="TRUE">Integer</attrtype><attwidth Sync="TRUE">4</attwidth><atprecis Sync="TRUE">0</atprecis><attscale Sync="TRUE">0</attscale><attrdef Sync="TRUE">Internal feature number.</attrdef><attrdefs Sync="TRUE">ESRI</attrdefs><attrdomv><udom Sync="TRUE">Sequential unique whole numbers that are automatically generated.</udom></attrdomv></attr><attr><attrlabl Sync="TRUE">Shape</attrlabl><attalias Sync="TRUE">Shape</attalias><attrtype Sync="TRUE">Geometry</attrtype><attwidth Sync="TRUE">0</attwidth><atprecis Sync="TRUE">0</atprecis><attscale Sync="TRUE">0</attscale><attrdef Sync="TRUE">Feature geometry.</attrdef><attrdefs Sync="TRUE">ESRI</attrdefs><attrdomv><udom Sync="TRUE">Coordinates defining the features.</udom></attrdomv></attr><attr><attrlabl Sync="TRUE">Region</attrlabl><attalias Sync="TRUE">Region</attalias><attrtype Sync="TRUE">String</attrtype><attwidth Sync="TRUE">30</attwidth><atprecis Sync="TRUE">0</atprecis><attscale Sync="TRUE">0</attscale></attr><attr><attrlabl Sync="TRUE">area_sqkm</attrlabl><attalias Sync="TRUE">area_sqkm</attalias><attrtype Sync="TRUE">Double</attrtype><attwidth Sync="TRUE">8</attwidth><atprecis Sync="TRUE">0</atprecis><attscale Sync="TRUE">0</attscale></attr><attr><attrlabl Sync="TRUE">Shape_Length</attrlabl><attalias Sync="TRUE">Shape_Length</attalias><attrtype Sync="TRUE">Double</attrtype><attwidth Sync="TRUE">8</attwidth><atprecis Sync="TRUE">0</atprecis><attscale Sync="TRUE">0</attscale><attrdef Sync="TRUE">Length of feature in internal units.</attrdef><attrdefs Sync="TRUE">ESRI</attrdefs><attrdomv><udom Sync="TRUE">Positive real numbers that are automatically generated.</udom></attrdomv></attr><attr><attrlabl Sync="TRUE">MPA_Name</attrlabl><attalias Sync="TRUE">MPA_Name</attalias><attrtype Sync="TRUE">String</attrtype><attwidth Sync="TRUE">30</attwidth><atprecis Sync="TRUE">0</atprecis><attscale Sync="TRUE">0</attscale></attr><attr><attrlabl Sync="TRUE">MPA_Type</attrlabl><attalias Sync="TRUE">MPA_Type</attalias><attrtype Sync="TRUE">String</attrtype><attwidth Sync="TRUE">15</attwidth><atprecis Sync="TRUE">0</atprecis><attscale Sync="TRUE">0</attscale></attr><attr><attrlabl Sync="TRUE">MPA_Label</attrlabl><attalias Sync="TRUE">MPA_Label</attalias><attrtype Sync="TRUE">String</attrtype><attwidth Sync="TRUE">50</attwidth><atprecis Sync="TRUE">0</atprecis><attscale Sync="TRUE">0</attscale></attr><attr><attrlabl Sync="TRUE">Stratum</attrlabl><attalias Sync="TRUE">Stratum</attalias><attrtype Sync="TRUE">String</attrtype><attwidth Sync="TRUE">25</attwidth><atprecis Sync="TRUE">0</atprecis><attscale Sync="TRUE">0</attscale></attr><attr><attrlabl Sync="TRUE">mdcaty1</attrlabl><attalias Sync="TRUE">mdcaty1</attalias><attrtype Sync="TRUE">String</attrtype><attwidth Sync="TRUE">25</attwidth><atprecis Sync="TRUE">0</atprecis><attscale Sync="TRUE">0</attscale></attr><attr><attrlabl Sync="TRUE">mdcaty2</attrlabl><attalias Sync="TRUE">mdcaty2</attalias><attrtype Sync="TRUE">String</attrtype><attwidth Sync="TRUE">25</attwidth><atprecis Sync="TRUE">0</atprecis><attscale Sync="TRUE">0</attscale></attr><attr><attrlabl Sync="TRUE">mdcaty3</attrlabl><attalias Sync="TRUE">mdcaty3</attalias><attrtype Sync="TRUE">String</attrtype><attwidth Sync="TRUE">25</attwidth><atprecis Sync="TRUE">0</atprecis><attscale Sync="TRUE">0</attscale></attr><attr><attrlabl Sync="TRUE">mdcaty4</attrlabl><attalias Sync="TRUE">mdcaty4</attalias><attrtype Sync="TRUE">String</attrtype><attwidth Sync="TRUE">50</attwidth><atprecis Sync="TRUE">0</atprecis><attscale Sync="TRUE">0</attscale></attr><attr><attrlabl Sync="TRUE">mdcaty5</attrlabl><attalias Sync="TRUE">mdcaty5</attalias><attrtype Sync="TRUE">String</attrtype><attwidth Sync="TRUE">50</attwidth><atprecis Sync="TRUE">0</atprecis><attscale Sync="TRUE">0</attscale></attr><attr><attrlabl Sync="TRUE">MPA_Area</attrlabl><attalias Sync="TRUE">MPA_Area</attalias><attrtype Sync="TRUE">Double</attrtype><attwidth Sync="TRUE">8</attwidth><atprecis Sync="TRUE">0</atprecis><attscale Sync="TRUE">0</attscale></attr><attr><attrlabl Sync="TRUE">mdcaty6</attrlabl><attalias Sync="TRUE">mdcaty6</attalias><attrtype Sync="TRUE">String</attrtype><attwidth Sync="TRUE">10</attwidth><atprecis Sync="TRUE">0</atprecis><attscale Sync="TRUE">0</attscale></attr><attr><attrlabl Sync="TRUE">Shape_Area</attrlabl><attalias Sync="TRUE">Shape_Area</attalias><attrtype Sync="TRUE">Double</attrtype><attwidth Sync="TRUE">8</attwidth><atprecis Sync="TRUE">0</atprecis><attscale Sync="TRUE">0</attscale><attrdef Sync="TRUE">Area of feature in internal units squared.</attrdef><attrdefs Sync="TRUE">ESRI</attrdefs><attrdomv><udom Sync="TRUE">Positive real numbers that are automatically generated.</udom></attrdomv></attr><attr><attrlabl Sync="TRUE">DepthRange</attrlabl><attalias Sync="TRUE">DepthRange</attalias><attrtype Sync="TRUE">String</attrtype><attwidth Sync="TRUE">10</attwidth><atprecis Sync="TRUE">0</atprecis><attscale Sync="TRUE">0</attscale></attr></detailed></eainfo><mdDateSt Sync="TRUE">20140616</mdDateSt></metadata>
